mode,family,label,operation,size_mb,run,metric,value,unit
protected,lat_mmap_precise,size-0.5MB-run-1,mmap_write_touch_unmap,0.5,1,per_iter,11.743884,us
protected,lat_mmap_precise,size-0.5MB-run-2,mmap_write_touch_unmap,0.5,2,per_iter,10.881140,us
protected,lat_mmap_precise,size-0.5MB-run-3,mmap_write_touch_unmap,0.5,3,per_iter,13.589449,us
protected,lat_mmap_precise,size-0.5MB-run-4,mmap_write_touch_unmap,0.5,4,per_iter,11.970524,us
protected,lat_mmap_precise,size-0.5MB-run-5,mmap_write_touch_unmap,0.5,5,per_iter,11.065613,us
protected,lat_mmap_precise,size-1MB-run-1,mmap_write_touch_unmap,1,1,per_iter,15.403163,us
protected,lat_mmap_precise,size-1MB-run-2,mmap_write_touch_unmap,1,2,per_iter,15.572388,us
protected,lat_mmap_precise,size-1MB-run-3,mmap_write_touch_unmap,1,3,per_iter,19.364019,us
protected,lat_mmap_precise,size-1MB-run-4,mmap_write_touch_unmap,1,4,per_iter,14.811585,us
protected,lat_mmap_precise,size-1MB-run-5,mmap_write_touch_unmap,1,5,per_iter,15.515172,us
protected,lat_mmap_precise,size-2MB-run-1,mmap_write_touch_unmap,2,1,per_iter,22.386556,us
protected,lat_mmap_precise,size-2MB-run-2,mmap_write_touch_unmap,2,2,per_iter,23.134652,us
protected,lat_mmap_precise,size-2MB-run-3,mmap_write_touch_unmap,2,3,per_iter,28.549658,us
protected,lat_mmap_precise,size-2MB-run-4,mmap_write_touch_unmap,2,4,per_iter,22.587655,us
protected,lat_mmap_precise,size-2MB-run-5,mmap_write_touch_unmap,2,5,per_iter,28.678890,us
protected,lat_mmap_precise,size-4MB-run-1,mmap_write_touch_unmap,4,1,per_iter,52.975572,us
protected,lat_mmap_precise,size-4MB-run-2,mmap_write_touch_unmap,4,2,per_iter,52.971897,us
protected,lat_mmap_precise,size-4MB-run-3,mmap_write_touch_unmap,4,3,per_iter,40.721531,us
protected,lat_mmap_precise,size-4MB-run-4,mmap_write_touch_unmap,4,4,per_iter,52.428073,us
protected,lat_mmap_precise,size-4MB-run-5,mmap_write_touch_unmap,4,5,per_iter,41.569295,us
protected,lat_mmap_precise,size-8MB-run-1,mmap_write_touch_unmap,8,1,per_iter,89.869202,us
protected,lat_mmap_precise,size-8MB-run-2,mmap_write_touch_unmap,8,2,per_iter,85.917237,us
protected,lat_mmap_precise,size-8MB-run-3,mmap_write_touch_unmap,8,3,per_iter,90.665853,us
protected,lat_mmap_precise,size-8MB-run-4,mmap_write_touch_unmap,8,4,per_iter,93.426860,us
protected,lat_mmap_precise,size-8MB-run-5,mmap_write_touch_unmap,8,5,per_iter,95.036906,us
protected,lat_mmap_precise,size-16MB-run-1,mmap_write_touch_unmap,16,1,per_iter,138.631633,us
protected,lat_mmap_precise,size-16MB-run-2,mmap_write_touch_unmap,16,2,per_iter,174.367798,us
protected,lat_mmap_precise,size-16MB-run-3,mmap_write_touch_unmap,16,3,per_iter,173.846639,us
protected,lat_mmap_precise,size-16MB-run-4,mmap_write_touch_unmap,16,4,per_iter,158.376425,us
protected,lat_mmap_precise,size-16MB-run-5,mmap_write_touch_unmap,16,5,per_iter,168.235718,us
protected,lat_mmap_precise,size-64MB-run-1,mmap_write_touch_unmap,64,1,per_iter,630.540637,us
protected,lat_mmap_precise,size-64MB-run-2,mmap_write_touch_unmap,64,2,per_iter,622.693823,us
protected,lat_mmap_precise,size-64MB-run-3,mmap_write_touch_unmap,64,3,per_iter,650.888130,us
protected,lat_mmap_precise,size-64MB-run-4,mmap_write_touch_unmap,64,4,per_iter,650.349257,us
protected,lat_mmap_precise,size-64MB-run-5,mmap_write_touch_unmap,64,5,per_iter,547.031387,us
protected,mmap_split,openclose-0.5MB-run-1,openclose,0.5,1,per_iter,5.403682,us
protected,mmap_split,openclose-0.5MB-run-2,openclose,0.5,2,per_iter,5.777405,us
protected,mmap_split,openclose-0.5MB-run-3,openclose,0.5,3,per_iter,5.624675,us
protected,mmap_split,mmap_unmap-0.5MB-run-1,mmap_unmap,0.5,1,per_iter,3.375435,us
protected,mmap_split,mmap_unmap-0.5MB-run-2,mmap_unmap,0.5,2,per_iter,5.079305,us
protected,mmap_split,mmap_unmap-0.5MB-run-3,mmap_unmap,0.5,3,per_iter,5.498849,us
protected,mmap_split,mmap_populate_unmap-0.5MB-run-1,mmap_populate_unmap,0.5,1,per_iter,25.385034,us
protected,mmap_split,mmap_populate_unmap-0.5MB-run-2,mmap_populate_unmap,0.5,2,per_iter,28.392509,us
protected,mmap_split,mmap_populate_unmap-0.5MB-run-3,mmap_populate_unmap,0.5,3,per_iter,27.764038,us
protected,mmap_split,mmap_write_touch_unmap-0.5MB-run-1,mmap_write_touch_unmap,0.5,1,per_iter,9.053508,us
protected,mmap_split,mmap_write_touch_unmap-0.5MB-run-2,mmap_write_touch_unmap,0.5,2,per_iter,8.953467,us
protected,mmap_split,mmap_write_touch_unmap-0.5MB-run-3,mmap_write_touch_unmap,0.5,3,per_iter,15.834884,us
protected,mmap_split,mmap_read_touch_unmap-0.5MB-run-1,mmap_read_touch_unmap,0.5,1,per_iter,10.568840,us
protected,mmap_split,mmap_read_touch_unmap-0.5MB-run-2,mmap_read_touch_unmap,0.5,2,per_iter,6.312968,us
protected,mmap_split,mmap_read_touch_unmap-0.5MB-run-3,mmap_read_touch_unmap,0.5,3,per_iter,7.158866,us
protected,mmap_split,write_touch_cold-0.5MB-run-1,write_touch_cold,0.5,1,per_iter,5.325016,us
protected,mmap_split,write_touch_cold-0.5MB-run-2,write_touch_cold,0.5,2,per_iter,5.735032,us
protected,mmap_split,write_touch_cold-0.5MB-run-3,write_touch_cold,0.5,3,per_iter,6.016847,us
protected,mmap_split,read_touch_cold-0.5MB-run-1,read_touch_cold,0.5,1,per_iter,2.824802,us
protected,mmap_split,read_touch_cold-0.5MB-run-2,read_touch_cold,0.5,2,per_iter,2.931430,us
protected,mmap_split,read_touch_cold-0.5MB-run-3,read_touch_cold,0.5,3,per_iter,2.032953,us
protected,mmap_split,write_touch_hot-0.5MB-run-1,write_touch_hot,0.5,1,per_iter,0.003353,us
protected,mmap_split,write_touch_hot-0.5MB-run-2,write_touch_hot,0.5,2,per_iter,0.007882,us
protected,mmap_split,write_touch_hot-0.5MB-run-3,write_touch_hot,0.5,3,per_iter,0.005660,us
protected,mmap_split,read_touch_hot-0.5MB-run-1,read_touch_hot,0.5,1,per_iter,0.011703,us
protected,mmap_split,read_touch_hot-0.5MB-run-2,read_touch_hot,0.5,2,per_iter,0.010128,us
protected,mmap_split,read_touch_hot-0.5MB-run-3,read_touch_hot,0.5,3,per_iter,0.010128,us
protected,mmap_split,munmap_after_no_touch-0.5MB-run-1,munmap_after_no_touch,0.5,1,per_iter,2.483803,us
protected,mmap_split,munmap_after_no_touch-0.5MB-run-2,munmap_after_no_touch,0.5,2,per_iter,1.596829,us
protected,mmap_split,munmap_after_no_touch-0.5MB-run-3,munmap_after_no_touch,0.5,3,per_iter,1.342400,us
protected,mmap_split,munmap_after_write_touch-0.5MB-run-1,munmap_after_write_touch,0.5,1,per_iter,5.623044,us
protected,mmap_split,munmap_after_write_touch-0.5MB-run-2,munmap_after_write_touch,0.5,2,per_iter,5.182456,us
protected,mmap_split,munmap_after_write_touch-0.5MB-run-3,munmap_after_write_touch,0.5,3,per_iter,3.130005,us
protected,mmap_split,munmap_after_read_touch-0.5MB-run-1,munmap_after_read_touch,0.5,1,per_iter,4.396923,us
protected,mmap_split,munmap_after_read_touch-0.5MB-run-2,munmap_after_read_touch,0.5,2,per_iter,2.981054,us
protected,mmap_split,munmap_after_read_touch-0.5MB-run-3,munmap_after_read_touch,0.5,3,per_iter,4.251581,us
protected,mmap_split,openclose-1MB-run-1,openclose,1,1,per_iter,2.936584,us
protected,mmap_split,openclose-1MB-run-2,openclose,1,2,per_iter,4.776535,us
protected,mmap_split,openclose-1MB-run-3,openclose,1,3,per_iter,5.723557,us
protected,mmap_split,mmap_unmap-1MB-run-1,mmap_unmap,1,1,per_iter,3.569738,us
protected,mmap_split,mmap_unmap-1MB-run-2,mmap_unmap,1,2,per_iter,3.146067,us
protected,mmap_split,mmap_unmap-1MB-run-3,mmap_unmap,1,3,per_iter,5.304103,us
protected,mmap_split,mmap_populate_unmap-1MB-run-1,mmap_populate_unmap,1,1,per_iter,51.817510,us
protected,mmap_split,mmap_populate_unmap-1MB-run-2,mmap_populate_unmap,1,2,per_iter,58.387288,us
protected,mmap_split,mmap_populate_unmap-1MB-run-3,mmap_populate_unmap,1,3,per_iter,60.018290,us
protected,mmap_split,mmap_write_touch_unmap-1MB-run-1,mmap_write_touch_unmap,1,1,per_iter,15.146571,us
protected,mmap_split,mmap_write_touch_unmap-1MB-run-2,mmap_write_touch_unmap,1,2,per_iter,19.887624,us
protected,mmap_split,mmap_write_touch_unmap-1MB-run-3,mmap_write_touch_unmap,1,3,per_iter,22.979858,us
protected,mmap_split,mmap_read_touch_unmap-1MB-run-1,mmap_read_touch_unmap,1,1,per_iter,11.128001,us
protected,mmap_split,mmap_read_touch_unmap-1MB-run-2,mmap_read_touch_unmap,1,2,per_iter,15.122040,us
protected,mmap_split,mmap_read_touch_unmap-1MB-run-3,mmap_read_touch_unmap,1,3,per_iter,14.013952,us
protected,mmap_split,write_touch_cold-1MB-run-1,write_touch_cold,1,1,per_iter,10.673991,us
protected,mmap_split,write_touch_cold-1MB-run-2,write_touch_cold,1,2,per_iter,10.665655,us
protected,mmap_split,write_touch_cold-1MB-run-3,write_touch_cold,1,3,per_iter,7.802889,us
protected,mmap_split,read_touch_cold-1MB-run-1,read_touch_cold,1,1,per_iter,7.105800,us
protected,mmap_split,read_touch_cold-1MB-run-2,read_touch_cold,1,2,per_iter,5.104278,us
protected,mmap_split,read_touch_cold-1MB-run-3,read_touch_cold,1,3,per_iter,5.564804,us
protected,mmap_split,write_touch_hot-1MB-run-1,write_touch_hot,1,1,per_iter,0.005107,us
protected,mmap_split,write_touch_hot-1MB-run-2,write_touch_hot,1,2,per_iter,0.005091,us
protected,mmap_split,write_touch_hot-1MB-run-3,write_touch_hot,1,3,per_iter,0.010839,us
protected,mmap_split,read_touch_hot-1MB-run-1,read_touch_hot,1,1,per_iter,0.013941,us
protected,mmap_split,read_touch_hot-1MB-run-2,read_touch_hot,1,2,per_iter,0.008290,us
protected,mmap_split,read_touch_hot-1MB-run-3,read_touch_hot,1,3,per_iter,0.012807,us
protected,mmap_split,munmap_after_no_touch-1MB-run-1,munmap_after_no_touch,1,1,per_iter,1.117897,us
protected,mmap_split,munmap_after_no_touch-1MB-run-2,munmap_after_no_touch,1,2,per_iter,1.508707,us
protected,mmap_split,munmap_after_no_touch-1MB-run-3,munmap_after_no_touch,1,3,per_iter,2.482156,us
protected,mmap_split,munmap_after_write_touch-1MB-run-1,munmap_after_write_touch,1,1,per_iter,4.965459,us
protected,mmap_split,munmap_after_write_touch-1MB-run-2,munmap_after_write_touch,1,2,per_iter,5.750765,us
protected,mmap_split,munmap_after_write_touch-1MB-run-3,munmap_after_write_touch,1,3,per_iter,5.573948,us
protected,mmap_split,munmap_after_read_touch-1MB-run-1,munmap_after_read_touch,1,1,per_iter,3.982976,us
protected,mmap_split,munmap_after_read_touch-1MB-run-2,munmap_after_read_touch,1,2,per_iter,7.335847,us
protected,mmap_split,munmap_after_read_touch-1MB-run-3,munmap_after_read_touch,1,3,per_iter,7.902949,us
protected,mmap_split,openclose-2MB-run-1,openclose,2,1,per_iter,3.651034,us
protected,mmap_split,openclose-2MB-run-2,openclose,2,2,per_iter,6.255233,us
protected,mmap_split,openclose-2MB-run-3,openclose,2,3,per_iter,5.809530,us
protected,mmap_split,mmap_unmap-2MB-run-1,mmap_unmap,2,1,per_iter,6.725277,us
protected,mmap_split,mmap_unmap-2MB-run-2,mmap_unmap,2,2,per_iter,4.181869,us
protected,mmap_split,mmap_unmap-2MB-run-3,mmap_unmap,2,3,per_iter,6.823714,us
protected,mmap_split,mmap_populate_unmap-2MB-run-1,mmap_populate_unmap,2,1,per_iter,86.858065,us
protected,mmap_split,mmap_populate_unmap-2MB-run-2,mmap_populate_unmap,2,2,per_iter,90.250928,us
protected,mmap_split,mmap_populate_unmap-2MB-run-3,mmap_populate_unmap,2,3,per_iter,91.655290,us
protected,mmap_split,mmap_write_touch_unmap-2MB-run-1,mmap_write_touch_unmap,2,1,per_iter,30.937769,us
protected,mmap_split,mmap_write_touch_unmap-2MB-run-2,mmap_write_touch_unmap,2,2,per_iter,29.779590,us
protected,mmap_split,mmap_write_touch_unmap-2MB-run-3,mmap_write_touch_unmap,2,3,per_iter,30.523869,us
protected,mmap_split,mmap_read_touch_unmap-2MB-run-1,mmap_read_touch_unmap,2,1,per_iter,16.111556,us
protected,mmap_split,mmap_read_touch_unmap-2MB-run-2,mmap_read_touch_unmap,2,2,per_iter,22.130412,us
protected,mmap_split,mmap_read_touch_unmap-2MB-run-3,mmap_read_touch_unmap,2,3,per_iter,19.870272,us
protected,mmap_split,write_touch_cold-2MB-run-1,write_touch_cold,2,1,per_iter,19.231009,us
protected,mmap_split,write_touch_cold-2MB-run-2,write_touch_cold,2,2,per_iter,19.101389,us
protected,mmap_split,write_touch_cold-2MB-run-3,write_touch_cold,2,3,per_iter,18.728789,us
protected,mmap_split,read_touch_cold-2MB-run-1,read_touch_cold,2,1,per_iter,8.853776,us
protected,mmap_split,read_touch_cold-2MB-run-2,read_touch_cold,2,2,per_iter,8.919630,us
protected,mmap_split,read_touch_cold-2MB-run-3,read_touch_cold,2,3,per_iter,10.375106,us
protected,mmap_split,write_touch_hot-2MB-run-1,write_touch_hot,2,1,per_iter,0.047363,us
protected,mmap_split,write_touch_hot-2MB-run-2,write_touch_hot,2,2,per_iter,0.143913,us
protected,mmap_split,write_touch_hot-2MB-run-3,write_touch_hot,2,3,per_iter,0.053288,us
protected,mmap_split,read_touch_hot-2MB-run-1,read_touch_hot,2,1,per_iter,0.030452,us
protected,mmap_split,read_touch_hot-2MB-run-2,read_touch_hot,2,2,per_iter,0.065885,us
protected,mmap_split,read_touch_hot-2MB-run-3,read_touch_hot,2,3,per_iter,0.065015,us
protected,mmap_split,munmap_after_no_touch-2MB-run-1,munmap_after_no_touch,2,1,per_iter,2.361677,us
protected,mmap_split,munmap_after_no_touch-2MB-run-2,munmap_after_no_touch,2,2,per_iter,3.007240,us
protected,mmap_split,munmap_after_no_touch-2MB-run-3,munmap_after_no_touch,2,3,per_iter,2.702222,us
protected,mmap_split,munmap_after_write_touch-2MB-run-1,munmap_after_write_touch,2,1,per_iter,8.316559,us
protected,mmap_split,munmap_after_write_touch-2MB-run-2,munmap_after_write_touch,2,2,per_iter,7.445970,us
protected,mmap_split,munmap_after_write_touch-2MB-run-3,munmap_after_write_touch,2,3,per_iter,6.096824,us
protected,mmap_split,munmap_after_read_touch-2MB-run-1,munmap_after_read_touch,2,1,per_iter,6.587411,us
protected,mmap_split,munmap_after_read_touch-2MB-run-2,munmap_after_read_touch,2,2,per_iter,10.128314,us
protected,mmap_split,munmap_after_read_touch-2MB-run-3,munmap_after_read_touch,2,3,per_iter,7.881855,us
protected,mmap_split,openclose-4MB-run-1,openclose,4,1,per_iter,5.950534,us
protected,mmap_split,openclose-4MB-run-2,openclose,4,2,per_iter,3.870389,us
protected,mmap_split,openclose-4MB-run-3,openclose,4,3,per_iter,6.408176,us
protected,mmap_split,mmap_unmap-4MB-run-1,mmap_unmap,4,1,per_iter,7.566664,us
protected,mmap_split,mmap_unmap-4MB-run-2,mmap_unmap,4,2,per_iter,6.429470,us
protected,mmap_split,mmap_unmap-4MB-run-3,mmap_unmap,4,3,per_iter,7.283339,us
protected,mmap_split,mmap_populate_unmap-4MB-run-1,mmap_populate_unmap,4,1,per_iter,174.841865,us
protected,mmap_split,mmap_populate_unmap-4MB-run-2,mmap_populate_unmap,4,2,per_iter,166.928996,us
protected,mmap_split,mmap_populate_unmap-4MB-run-3,mmap_populate_unmap,4,3,per_iter,173.371406,us
protected,mmap_split,mmap_write_touch_unmap-4MB-run-1,mmap_write_touch_unmap,4,1,per_iter,51.452230,us
protected,mmap_split,mmap_write_touch_unmap-4MB-run-2,mmap_write_touch_unmap,4,2,per_iter,45.250082,us
protected,mmap_split,mmap_write_touch_unmap-4MB-run-3,mmap_write_touch_unmap,4,3,per_iter,52.112481,us
protected,mmap_split,mmap_read_touch_unmap-4MB-run-1,mmap_read_touch_unmap,4,1,per_iter,25.902425,us
protected,mmap_split,mmap_read_touch_unmap-4MB-run-2,mmap_read_touch_unmap,4,2,per_iter,25.784207,us
protected,mmap_split,mmap_read_touch_unmap-4MB-run-3,mmap_read_touch_unmap,4,3,per_iter,26.144911,us
protected,mmap_split,write_touch_cold-4MB-run-1,write_touch_cold,4,1,per_iter,38.351542,us
protected,mmap_split,write_touch_cold-4MB-run-2,write_touch_cold,4,2,per_iter,35.028126,us
protected,mmap_split,write_touch_cold-4MB-run-3,write_touch_cold,4,3,per_iter,38.264904,us
protected,mmap_split,read_touch_cold-4MB-run-1,read_touch_cold,4,1,per_iter,17.310060,us
protected,mmap_split,read_touch_cold-4MB-run-2,read_touch_cold,4,2,per_iter,18.603126,us
protected,mmap_split,read_touch_cold-4MB-run-3,read_touch_cold,4,3,per_iter,18.128619,us
protected,mmap_split,write_touch_hot-4MB-run-1,write_touch_hot,4,1,per_iter,0.157946,us
protected,mmap_split,write_touch_hot-4MB-run-2,write_touch_hot,4,2,per_iter,0.261434,us
protected,mmap_split,write_touch_hot-4MB-run-3,write_touch_hot,4,3,per_iter,0.120280,us
protected,mmap_split,read_touch_hot-4MB-run-1,read_touch_hot,4,1,per_iter,0.098239,us
protected,mmap_split,read_touch_hot-4MB-run-2,read_touch_hot,4,2,per_iter,0.133803,us
protected,mmap_split,read_touch_hot-4MB-run-3,read_touch_hot,4,3,per_iter,0.069919,us
protected,mmap_split,munmap_after_no_touch-4MB-run-1,munmap_after_no_touch,4,1,per_iter,2.985638,us
protected,mmap_split,munmap_after_no_touch-4MB-run-2,munmap_after_no_touch,4,2,per_iter,2.243317,us
protected,mmap_split,munmap_after_no_touch-4MB-run-3,munmap_after_no_touch,4,3,per_iter,2.516025,us
protected,mmap_split,munmap_after_write_touch-4MB-run-1,munmap_after_write_touch,4,1,per_iter,8.735684,us
protected,mmap_split,munmap_after_write_touch-4MB-run-2,munmap_after_write_touch,4,2,per_iter,10.099884,us
protected,mmap_split,munmap_after_write_touch-4MB-run-3,munmap_after_write_touch,4,3,per_iter,9.954569,us
protected,mmap_split,munmap_after_read_touch-4MB-run-1,munmap_after_read_touch,4,1,per_iter,9.095184,us
protected,mmap_split,munmap_after_read_touch-4MB-run-2,munmap_after_read_touch,4,2,per_iter,9.234518,us
protected,mmap_split,munmap_after_read_touch-4MB-run-3,munmap_after_read_touch,4,3,per_iter,9.834925,us
protected,mmap_split,openclose-8MB-run-1,openclose,8,1,per_iter,8.023417,us
protected,mmap_split,openclose-8MB-run-2,openclose,8,2,per_iter,7.922445,us
protected,mmap_split,openclose-8MB-run-3,openclose,8,3,per_iter,7.723836,us
protected,mmap_split,mmap_unmap-8MB-run-1,mmap_unmap,8,1,per_iter,5.028646,us
protected,mmap_split,mmap_unmap-8MB-run-2,mmap_unmap,8,2,per_iter,6.280476,us
protected,mmap_split,mmap_unmap-8MB-run-3,mmap_unmap,8,3,per_iter,8.985717,us
protected,mmap_split,mmap_populate_unmap-8MB-run-1,mmap_populate_unmap,8,1,per_iter,335.246582,us
protected,mmap_split,mmap_populate_unmap-8MB-run-2,mmap_populate_unmap,8,2,per_iter,335.566406,us
protected,mmap_split,mmap_populate_unmap-8MB-run-3,mmap_populate_unmap,8,3,per_iter,318.658061,us
protected,mmap_split,mmap_write_touch_unmap-8MB-run-1,mmap_write_touch_unmap,8,1,per_iter,78.022543,us
protected,mmap_split,mmap_write_touch_unmap-8MB-run-2,mmap_write_touch_unmap,8,2,per_iter,81.003337,us
protected,mmap_split,mmap_write_touch_unmap-8MB-run-3,mmap_write_touch_unmap,8,3,per_iter,93.041300,us
protected,mmap_split,mmap_read_touch_unmap-8MB-run-1,mmap_read_touch_unmap,8,1,per_iter,62.169779,us
protected,mmap_split,mmap_read_touch_unmap-8MB-run-2,mmap_read_touch_unmap,8,2,per_iter,58.008851,us
protected,mmap_split,mmap_read_touch_unmap-8MB-run-3,mmap_read_touch_unmap,8,3,per_iter,44.703593,us
protected,mmap_split,write_touch_cold-8MB-run-1,write_touch_cold,8,1,per_iter,63.090921,us
protected,mmap_split,write_touch_cold-8MB-run-2,write_touch_cold,8,2,per_iter,75.616456,us
protected,mmap_split,write_touch_cold-8MB-run-3,write_touch_cold,8,3,per_iter,70.043767,us
protected,mmap_split,read_touch_cold-8MB-run-1,read_touch_cold,8,1,per_iter,36.021678,us
protected,mmap_split,read_touch_cold-8MB-run-2,read_touch_cold,8,2,per_iter,26.976206,us
protected,mmap_split,read_touch_cold-8MB-run-3,read_touch_cold,8,3,per_iter,36.210518,us
protected,mmap_split,write_touch_hot-8MB-run-1,write_touch_hot,8,1,per_iter,0.397054,us
protected,mmap_split,write_touch_hot-8MB-run-2,write_touch_hot,8,2,per_iter,0.134176,us
protected,mmap_split,write_touch_hot-8MB-run-3,write_touch_hot,8,3,per_iter,0.397115,us
protected,mmap_split,read_touch_hot-8MB-run-1,read_touch_hot,8,1,per_iter,0.489339,us
protected,mmap_split,read_touch_hot-8MB-run-2,read_touch_hot,8,2,per_iter,0.402933,us
protected,mmap_split,read_touch_hot-8MB-run-3,read_touch_hot,8,3,per_iter,0.178040,us
protected,mmap_split,munmap_after_no_touch-8MB-run-1,munmap_after_no_touch,8,1,per_iter,3.842820,us
protected,mmap_split,munmap_after_no_touch-8MB-run-2,munmap_after_no_touch,8,2,per_iter,1.143360,us
protected,mmap_split,munmap_after_no_touch-8MB-run-3,munmap_after_no_touch,8,3,per_iter,3.267345,us
protected,mmap_split,munmap_after_write_touch-8MB-run-1,munmap_after_write_touch,8,1,per_iter,14.218054,us
protected,mmap_split,munmap_after_write_touch-8MB-run-2,munmap_after_write_touch,8,2,per_iter,15.651731,us
protected,mmap_split,munmap_after_write_touch-8MB-run-3,munmap_after_write_touch,8,3,per_iter,13.902997,us
protected,mmap_split,munmap_after_read_touch-8MB-run-1,munmap_after_read_touch,8,1,per_iter,18.858113,us
protected,mmap_split,munmap_after_read_touch-8MB-run-2,munmap_after_read_touch,8,2,per_iter,22.295137,us
protected,mmap_split,munmap_after_read_touch-8MB-run-3,munmap_after_read_touch,8,3,per_iter,14.106916,us
protected,mmap_split,openclose-16MB-run-1,openclose,16,1,per_iter,6.665609,us
protected,mmap_split,openclose-16MB-run-2,openclose,16,2,per_iter,5.651123,us
protected,mmap_split,openclose-16MB-run-3,openclose,16,3,per_iter,5.825521,us
protected,mmap_split,mmap_unmap-16MB-run-1,mmap_unmap,16,1,per_iter,3.079346,us
protected,mmap_split,mmap_unmap-16MB-run-2,mmap_unmap,16,2,per_iter,5.297688,us
protected,mmap_split,mmap_unmap-16MB-run-3,mmap_unmap,16,3,per_iter,4.520548,us
protected,mmap_split,mmap_populate_unmap-16MB-run-1,mmap_populate_unmap,16,1,per_iter,632.019084,us
protected,mmap_split,mmap_populate_unmap-16MB-run-2,mmap_populate_unmap,16,2,per_iter,664.239259,us
protected,mmap_split,mmap_populate_unmap-16MB-run-3,mmap_populate_unmap,16,3,per_iter,652.575196,us
protected,mmap_split,mmap_write_touch_unmap-16MB-run-1,mmap_write_touch_unmap,16,1,per_iter,146.661621,us
protected,mmap_split,mmap_write_touch_unmap-16MB-run-2,mmap_write_touch_unmap,16,2,per_iter,140.414184,us
protected,mmap_split,mmap_write_touch_unmap-16MB-run-3,mmap_write_touch_unmap,16,3,per_iter,167.456137,us
protected,mmap_split,mmap_read_touch_unmap-16MB-run-1,mmap_read_touch_unmap,16,1,per_iter,80.551066,us
protected,mmap_split,mmap_read_touch_unmap-16MB-run-2,mmap_read_touch_unmap,16,2,per_iter,76.692016,us
protected,mmap_split,mmap_read_touch_unmap-16MB-run-3,mmap_read_touch_unmap,16,3,per_iter,107.618083,us
protected,mmap_split,write_touch_cold-16MB-run-1,write_touch_cold,16,1,per_iter,123.521111,us
protected,mmap_split,write_touch_cold-16MB-run-2,write_touch_cold,16,2,per_iter,152.192008,us
protected,mmap_split,write_touch_cold-16MB-run-3,write_touch_cold,16,3,per_iter,154.556850,us
protected,mmap_split,read_touch_cold-16MB-run-1,read_touch_cold,16,1,per_iter,62.450739,us
protected,mmap_split,read_touch_cold-16MB-run-2,read_touch_cold,16,2,per_iter,63.731258,us
protected,mmap_split,read_touch_cold-16MB-run-3,read_touch_cold,16,3,per_iter,57.322673,us
protected,mmap_split,write_touch_hot-16MB-run-1,write_touch_hot,16,1,per_iter,0.349528,us
protected,mmap_split,write_touch_hot-16MB-run-2,write_touch_hot,16,2,per_iter,0.366496,us
protected,mmap_split,write_touch_hot-16MB-run-3,write_touch_hot,16,3,per_iter,0.337931,us
protected,mmap_split,read_touch_hot-16MB-run-1,read_touch_hot,16,1,per_iter,0.445028,us
protected,mmap_split,read_touch_hot-16MB-run-2,read_touch_hot,16,2,per_iter,0.434326,us
protected,mmap_split,read_touch_hot-16MB-run-3,read_touch_hot,16,3,per_iter,0.330363,us
protected,mmap_split,munmap_after_no_touch-16MB-run-1,munmap_after_no_touch,16,1,per_iter,2.106673,us
protected,mmap_split,munmap_after_no_touch-16MB-run-2,munmap_after_no_touch,16,2,per_iter,2.301308,us
protected,mmap_split,munmap_after_no_touch-16MB-run-3,munmap_after_no_touch,16,3,per_iter,2.686091,us
protected,mmap_split,munmap_after_write_touch-16MB-run-1,munmap_after_write_touch,16,1,per_iter,21.464924,us
protected,mmap_split,munmap_after_write_touch-16MB-run-2,munmap_after_write_touch,16,2,per_iter,15.561783,us
protected,mmap_split,munmap_after_write_touch-16MB-run-3,munmap_after_write_touch,16,3,per_iter,15.708832,us
protected,mmap_split,munmap_after_read_touch-16MB-run-1,munmap_after_read_touch,16,1,per_iter,34.773122,us
protected,mmap_split,munmap_after_read_touch-16MB-run-2,munmap_after_read_touch,16,2,per_iter,33.889143,us
protected,mmap_split,munmap_after_read_touch-16MB-run-3,munmap_after_read_touch,16,3,per_iter,32.411098,us
protected,mmap_split,openclose-64MB-run-1,openclose,64,1,per_iter,8.161213,us
protected,mmap_split,openclose-64MB-run-2,openclose,64,2,per_iter,5.173747,us
protected,mmap_split,openclose-64MB-run-3,openclose,64,3,per_iter,10.602487,us
protected,mmap_split,mmap_unmap-64MB-run-1,mmap_unmap,64,1,per_iter,6.137153,us
protected,mmap_split,mmap_unmap-64MB-run-2,mmap_unmap,64,2,per_iter,8.828533,us
protected,mmap_split,mmap_unmap-64MB-run-3,mmap_unmap,64,3,per_iter,8.307970,us
protected,mmap_split,mmap_populate_unmap-64MB-run-1,mmap_populate_unmap,64,1,per_iter,2606.109077,us
protected,mmap_split,mmap_populate_unmap-64MB-run-2,mmap_populate_unmap,64,2,per_iter,2628.602297,us
protected,mmap_split,mmap_populate_unmap-64MB-run-3,mmap_populate_unmap,64,3,per_iter,2626.785213,us
protected,mmap_split,mmap_write_touch_unmap-64MB-run-1,mmap_write_touch_unmap,64,1,per_iter,579.999863,us
protected,mmap_split,mmap_write_touch_unmap-64MB-run-2,mmap_write_touch_unmap,64,2,per_iter,644.443223,us
protected,mmap_split,mmap_write_touch_unmap-64MB-run-3,mmap_write_touch_unmap,64,3,per_iter,644.211020,us
protected,mmap_split,mmap_read_touch_unmap-64MB-run-1,mmap_read_touch_unmap,64,1,per_iter,398.596057,us
protected,mmap_split,mmap_read_touch_unmap-64MB-run-2,mmap_read_touch_unmap,64,2,per_iter,403.006730,us
protected,mmap_split,mmap_read_touch_unmap-64MB-run-3,mmap_read_touch_unmap,64,3,per_iter,374.898683,us
protected,mmap_split,write_touch_cold-64MB-run-1,write_touch_cold,64,1,per_iter,506.722937,us
protected,mmap_split,write_touch_cold-64MB-run-2,write_touch_cold,64,2,per_iter,595.563160,us
protected,mmap_split,write_touch_cold-64MB-run-3,write_touch_cold,64,3,per_iter,594.990277,us
protected,mmap_split,read_touch_cold-64MB-run-1,read_touch_cold,64,1,per_iter,275.591220,us
protected,mmap_split,read_touch_cold-64MB-run-2,read_touch_cold,64,2,per_iter,206.410140,us
protected,mmap_split,read_touch_cold-64MB-run-3,read_touch_cold,64,3,per_iter,253.839540,us
protected,mmap_split,write_touch_hot-64MB-run-1,write_touch_hot,64,1,per_iter,2.872857,us
protected,mmap_split,write_touch_hot-64MB-run-2,write_touch_hot,64,2,per_iter,2.635363,us
protected,mmap_split,write_touch_hot-64MB-run-3,write_touch_hot,64,3,per_iter,1.747640,us
protected,mmap_split,read_touch_hot-64MB-run-1,read_touch_hot,64,1,per_iter,3.105467,us
protected,mmap_split,read_touch_hot-64MB-run-2,read_touch_hot,64,2,per_iter,6.355253,us
protected,mmap_split,read_touch_hot-64MB-run-3,read_touch_hot,64,3,per_iter,5.554607,us
protected,mmap_split,munmap_after_no_touch-64MB-run-1,munmap_after_no_touch,64,1,per_iter,1.524927,us
protected,mmap_split,munmap_after_no_touch-64MB-run-2,munmap_after_no_touch,64,2,per_iter,1.726447,us
protected,mmap_split,munmap_after_no_touch-64MB-run-3,munmap_after_no_touch,64,3,per_iter,5.235593,us
protected,mmap_split,munmap_after_write_touch-64MB-run-1,munmap_after_write_touch,64,1,per_iter,45.084497,us
protected,mmap_split,munmap_after_write_touch-64MB-run-2,munmap_after_write_touch,64,2,per_iter,45.597043,us
protected,mmap_split,munmap_after_write_touch-64MB-run-3,munmap_after_write_touch,64,3,per_iter,44.586653,us
protected,mmap_split,munmap_after_read_touch-64MB-run-1,munmap_after_read_touch,64,1,per_iter,89.515390,us
protected,mmap_split,munmap_after_read_touch-64MB-run-2,munmap_after_read_touch,64,2,per_iter,114.538810,us
protected,mmap_split,munmap_after_read_touch-64MB-run-3,munmap_after_read_touch,64,3,per_iter,95.872367,us
protected,lat_mem_rd,64MB-stride128-run-1,load_stride_128,64.00000,1,load_latency,3.523,ns
protected,lat_mem_rd,64MB-stride128-run-2,load_stride_128,64.00000,2,load_latency,3.518,ns
protected,lat_mem_rd,64MB-stride128-run-3,load_stride_128,64.00000,3,load_latency,3.487,ns
protected,bw_mem,rd-64m-run-1,rd,67.11,1,bandwidth,25870.80,MB/s
protected,bw_mem,rd-64m-run-2,rd,67.11,2,bandwidth,26410.41,MB/s
protected,bw_mem,rd-64m-run-3,rd,67.11,3,bandwidth,28067.28,MB/s
protected,bw_mem,wr-64m-run-1,wr,67.11,1,bandwidth,16318.26,MB/s
protected,bw_mem,wr-64m-run-2,wr,67.11,2,bandwidth,15590.40,MB/s
protected,bw_mem,wr-64m-run-3,wr,67.11,3,bandwidth,17102.16,MB/s
protected,bw_mem,rdwr-64m-run-1,rdwr,67.11,1,bandwidth,16434.15,MB/s
protected,bw_mem,rdwr-64m-run-2,rdwr,67.11,2,bandwidth,15959.30,MB/s
protected,bw_mem,rdwr-64m-run-3,rdwr,67.11,3,bandwidth,16743.73,MB/s
protected,bw_mmap_rd,mmap_only-64m-run-1,mmap_only,67.11,1,bandwidth,24231.40,MB/s
protected,bw_mmap_rd,open2close-64m-run-1,open2close,67.11,1,bandwidth,9721.70,MB/s
protected,bw_mmap_rd,mmap_only-64m-run-2,mmap_only,67.11,2,bandwidth,24385.49,MB/s
protected,bw_mmap_rd,open2close-64m-run-2,open2close,67.11,2,bandwidth,8924.05,MB/s
protected,bw_mmap_rd,mmap_only-64m-run-3,mmap_only,67.11,3,bandwidth,23033.76,MB/s
protected,bw_mmap_rd,open2close-64m-run-3,open2close,67.11,3,bandwidth,8968.18,MB/s
nvhe,lat_mmap_precise,size-0.5MB-run-1,mmap_write_touch_unmap,0.5,1,per_iter,14.491024,us
nvhe,lat_mmap_precise,size-0.5MB-run-2,mmap_write_touch_unmap,0.5,2,per_iter,11.493180,us
nvhe,lat_mmap_precise,size-0.5MB-run-3,mmap_write_touch_unmap,0.5,3,per_iter,11.194165,us
nvhe,lat_mmap_precise,size-0.5MB-run-4,mmap_write_touch_unmap,0.5,4,per_iter,12.788607,us
nvhe,lat_mmap_precise,size-0.5MB-run-5,mmap_write_touch_unmap,0.5,5,per_iter,10.967009,us
nvhe,lat_mmap_precise,size-1MB-run-1,mmap_write_touch_unmap,1,1,per_iter,11.478297,us
nvhe,lat_mmap_precise,size-1MB-run-2,mmap_write_touch_unmap,1,2,per_iter,16.408554,us
nvhe,lat_mmap_precise,size-1MB-run-3,mmap_write_touch_unmap,1,3,per_iter,16.720673,us
nvhe,lat_mmap_precise,size-1MB-run-4,mmap_write_touch_unmap,1,4,per_iter,18.663564,us
nvhe,lat_mmap_precise,size-1MB-run-5,mmap_write_touch_unmap,1,5,per_iter,18.682256,us
nvhe,lat_mmap_precise,size-2MB-run-1,mmap_write_touch_unmap,2,1,per_iter,28.223047,us
nvhe,lat_mmap_precise,size-2MB-run-2,mmap_write_touch_unmap,2,2,per_iter,20.506779,us
nvhe,lat_mmap_precise,size-2MB-run-3,mmap_write_touch_unmap,2,3,per_iter,23.133675,us
nvhe,lat_mmap_precise,size-2MB-run-4,mmap_write_touch_unmap,2,4,per_iter,24.969466,us
nvhe,lat_mmap_precise,size-2MB-run-5,mmap_write_touch_unmap,2,5,per_iter,29.854411,us
nvhe,lat_mmap_precise,size-4MB-run-1,mmap_write_touch_unmap,4,1,per_iter,45.919176,us
nvhe,lat_mmap_precise,size-4MB-run-2,mmap_write_touch_unmap,4,2,per_iter,40.903754,us
nvhe,lat_mmap_precise,size-4MB-run-3,mmap_write_touch_unmap,4,3,per_iter,40.072374,us
nvhe,lat_mmap_precise,size-4MB-run-4,mmap_write_touch_unmap,4,4,per_iter,48.777249,us
nvhe,lat_mmap_precise,size-4MB-run-5,mmap_write_touch_unmap,4,5,per_iter,38.573459,us
nvhe,lat_mmap_precise,size-8MB-run-1,mmap_write_touch_unmap,8,1,per_iter,89.729126,us
nvhe,lat_mmap_precise,size-8MB-run-2,mmap_write_touch_unmap,8,2,per_iter,89.682576,us
nvhe,lat_mmap_precise,size-8MB-run-3,mmap_write_touch_unmap,8,3,per_iter,88.048727,us
nvhe,lat_mmap_precise,size-8MB-run-4,mmap_write_touch_unmap,8,4,per_iter,75.451985,us
nvhe,lat_mmap_precise,size-8MB-run-5,mmap_write_touch_unmap,8,5,per_iter,78.420511,us
nvhe,lat_mmap_precise,size-16MB-run-1,mmap_write_touch_unmap,16,1,per_iter,200.531331,us
nvhe,lat_mmap_precise,size-16MB-run-2,mmap_write_touch_unmap,16,2,per_iter,165.235962,us
nvhe,lat_mmap_precise,size-16MB-run-3,mmap_write_touch_unmap,16,3,per_iter,167.242920,us
nvhe,lat_mmap_precise,size-16MB-run-4,mmap_write_touch_unmap,16,4,per_iter,155.043091,us
nvhe,lat_mmap_precise,size-16MB-run-5,mmap_write_touch_unmap,16,5,per_iter,129.578613,us
nvhe,lat_mmap_precise,size-64MB-run-1,mmap_write_touch_unmap,64,1,per_iter,622.501357,us
nvhe,lat_mmap_precise,size-64MB-run-2,mmap_write_touch_unmap,64,2,per_iter,645.062933,us
nvhe,lat_mmap_precise,size-64MB-run-3,mmap_write_touch_unmap,64,3,per_iter,633.362087,us
nvhe,lat_mmap_precise,size-64MB-run-4,mmap_write_touch_unmap,64,4,per_iter,631.600887,us
nvhe,lat_mmap_precise,size-64MB-run-5,mmap_write_touch_unmap,64,5,per_iter,531.613637,us
nvhe,mmap_split,openclose-0.5MB-run-1,openclose,0.5,1,per_iter,2.431718,us
nvhe,mmap_split,openclose-0.5MB-run-2,openclose,0.5,2,per_iter,4.805164,us
nvhe,mmap_split,openclose-0.5MB-run-3,openclose,0.5,3,per_iter,2.448303,us
nvhe,mmap_split,mmap_unmap-0.5MB-run-1,mmap_unmap,0.5,1,per_iter,6.223026,us
nvhe,mmap_split,mmap_unmap-0.5MB-run-2,mmap_unmap,0.5,2,per_iter,6.077592,us
nvhe,mmap_split,mmap_unmap-0.5MB-run-3,mmap_unmap,0.5,3,per_iter,4.442489,us
nvhe,mmap_split,mmap_populate_unmap-0.5MB-run-1,mmap_populate_unmap,0.5,1,per_iter,30.375525,us
nvhe,mmap_split,mmap_populate_unmap-0.5MB-run-2,mmap_populate_unmap,0.5,2,per_iter,27.582218,us
nvhe,mmap_split,mmap_populate_unmap-0.5MB-run-3,mmap_populate_unmap,0.5,3,per_iter,28.241097,us
nvhe,mmap_split,mmap_write_touch_unmap-0.5MB-run-1,mmap_write_touch_unmap,0.5,1,per_iter,12.969320,us
nvhe,mmap_split,mmap_write_touch_unmap-0.5MB-run-2,mmap_write_touch_unmap,0.5,2,per_iter,11.746672,us
nvhe,mmap_split,mmap_write_touch_unmap-0.5MB-run-3,mmap_write_touch_unmap,0.5,3,per_iter,12.653239,us
nvhe,mmap_split,mmap_read_touch_unmap-0.5MB-run-1,mmap_read_touch_unmap,0.5,1,per_iter,12.356470,us
nvhe,mmap_split,mmap_read_touch_unmap-0.5MB-run-2,mmap_read_touch_unmap,0.5,2,per_iter,8.427612,us
nvhe,mmap_split,mmap_read_touch_unmap-0.5MB-run-3,mmap_read_touch_unmap,0.5,3,per_iter,9.807341,us
nvhe,mmap_split,write_touch_cold-0.5MB-run-1,write_touch_cold,0.5,1,per_iter,5.457427,us
nvhe,mmap_split,write_touch_cold-0.5MB-run-2,write_touch_cold,0.5,2,per_iter,4.158849,us
nvhe,mmap_split,write_touch_cold-0.5MB-run-3,write_touch_cold,0.5,3,per_iter,5.193527,us
nvhe,mmap_split,read_touch_cold-0.5MB-run-1,read_touch_cold,0.5,1,per_iter,2.829248,us
nvhe,mmap_split,read_touch_cold-0.5MB-run-2,read_touch_cold,0.5,2,per_iter,2.721689,us
nvhe,mmap_split,read_touch_cold-0.5MB-run-3,read_touch_cold,0.5,3,per_iter,2.790596,us
nvhe,mmap_split,write_touch_hot-0.5MB-run-1,write_touch_hot,0.5,1,per_iter,0.005676,us
nvhe,mmap_split,write_touch_hot-0.5MB-run-2,write_touch_hot,0.5,2,per_iter,0.003365,us
nvhe,mmap_split,write_touch_hot-0.5MB-run-3,write_touch_hot,0.5,3,per_iter,0.008032,us
nvhe,mmap_split,read_touch_hot-0.5MB-run-1,read_touch_hot,0.5,1,per_iter,0.011719,us
nvhe,mmap_split,read_touch_hot-0.5MB-run-2,read_touch_hot,0.5,2,per_iter,0.003890,us
nvhe,mmap_split,read_touch_hot-0.5MB-run-3,read_touch_hot,0.5,3,per_iter,0.006771,us
nvhe,mmap_split,munmap_after_no_touch-0.5MB-run-1,munmap_after_no_touch,0.5,1,per_iter,1.357337,us
nvhe,mmap_split,munmap_after_no_touch-0.5MB-run-2,munmap_after_no_touch,0.5,2,per_iter,2.410910,us
nvhe,mmap_split,munmap_after_no_touch-0.5MB-run-3,munmap_after_no_touch,0.5,3,per_iter,2.071233,us
nvhe,mmap_split,munmap_after_write_touch-0.5MB-run-1,munmap_after_write_touch,0.5,1,per_iter,2.439092,us
nvhe,mmap_split,munmap_after_write_touch-0.5MB-run-2,munmap_after_write_touch,0.5,2,per_iter,2.952047,us
nvhe,mmap_split,munmap_after_write_touch-0.5MB-run-3,munmap_after_write_touch,0.5,3,per_iter,3.051091,us
nvhe,mmap_split,munmap_after_read_touch-0.5MB-run-1,munmap_after_read_touch,0.5,1,per_iter,6.909595,us
nvhe,mmap_split,munmap_after_read_touch-0.5MB-run-2,munmap_after_read_touch,0.5,2,per_iter,4.209315,us
nvhe,mmap_split,munmap_after_read_touch-0.5MB-run-3,munmap_after_read_touch,0.5,3,per_iter,3.950798,us
nvhe,mmap_split,openclose-1MB-run-1,openclose,1,1,per_iter,4.661031,us
nvhe,mmap_split,openclose-1MB-run-2,openclose,1,2,per_iter,5.498240,us
nvhe,mmap_split,openclose-1MB-run-3,openclose,1,3,per_iter,4.337331,us
nvhe,mmap_split,mmap_unmap-1MB-run-1,mmap_unmap,1,1,per_iter,5.866796,us
nvhe,mmap_split,mmap_unmap-1MB-run-2,mmap_unmap,1,2,per_iter,5.617610,us
nvhe,mmap_split,mmap_unmap-1MB-run-3,mmap_unmap,1,3,per_iter,5.421422,us
nvhe,mmap_split,mmap_populate_unmap-1MB-run-1,mmap_populate_unmap,1,1,per_iter,49.161596,us
nvhe,mmap_split,mmap_populate_unmap-1MB-run-2,mmap_populate_unmap,1,2,per_iter,48.020894,us
nvhe,mmap_split,mmap_populate_unmap-1MB-run-3,mmap_populate_unmap,1,3,per_iter,49.966482,us
nvhe,mmap_split,mmap_write_touch_unmap-1MB-run-1,mmap_write_touch_unmap,1,1,per_iter,16.357757,us
nvhe,mmap_split,mmap_write_touch_unmap-1MB-run-2,mmap_write_touch_unmap,1,2,per_iter,15.671738,us
nvhe,mmap_split,mmap_write_touch_unmap-1MB-run-3,mmap_write_touch_unmap,1,3,per_iter,16.211390,us
nvhe,mmap_split,mmap_read_touch_unmap-1MB-run-1,mmap_read_touch_unmap,1,1,per_iter,15.318263,us
nvhe,mmap_split,mmap_read_touch_unmap-1MB-run-2,mmap_read_touch_unmap,1,2,per_iter,15.401281,us
nvhe,mmap_split,mmap_read_touch_unmap-1MB-run-3,mmap_read_touch_unmap,1,3,per_iter,15.833466,us
nvhe,mmap_split,write_touch_cold-1MB-run-1,write_touch_cold,1,1,per_iter,7.747911,us
nvhe,mmap_split,write_touch_cold-1MB-run-2,write_touch_cold,1,2,per_iter,7.671906,us
nvhe,mmap_split,write_touch_cold-1MB-run-3,write_touch_cold,1,3,per_iter,10.191939,us
nvhe,mmap_split,read_touch_cold-1MB-run-1,read_touch_cold,1,1,per_iter,4.957723,us
nvhe,mmap_split,read_touch_cold-1MB-run-2,read_touch_cold,1,2,per_iter,4.683769,us
nvhe,mmap_split,read_touch_cold-1MB-run-3,read_touch_cold,1,3,per_iter,6.473039,us
nvhe,mmap_split,write_touch_hot-1MB-run-1,write_touch_hot,1,1,per_iter,0.007055,us
nvhe,mmap_split,write_touch_hot-1MB-run-2,write_touch_hot,1,2,per_iter,0.005931,us
nvhe,mmap_split,write_touch_hot-1MB-run-3,write_touch_hot,1,3,per_iter,0.005112,us
nvhe,mmap_split,read_touch_hot-1MB-run-1,read_touch_hot,1,1,per_iter,0.023458,us
nvhe,mmap_split,read_touch_hot-1MB-run-2,read_touch_hot,1,2,per_iter,0.019216,us
nvhe,mmap_split,read_touch_hot-1MB-run-3,read_touch_hot,1,3,per_iter,0.014191,us
nvhe,mmap_split,munmap_after_no_touch-1MB-run-1,munmap_after_no_touch,1,1,per_iter,2.168989,us
nvhe,mmap_split,munmap_after_no_touch-1MB-run-2,munmap_after_no_touch,1,2,per_iter,2.305050,us
nvhe,mmap_split,munmap_after_no_touch-1MB-run-3,munmap_after_no_touch,1,3,per_iter,2.338803,us
nvhe,mmap_split,munmap_after_write_touch-1MB-run-1,munmap_after_write_touch,1,1,per_iter,5.440428,us
nvhe,mmap_split,munmap_after_write_touch-1MB-run-2,munmap_after_write_touch,1,2,per_iter,3.163762,us
nvhe,mmap_split,munmap_after_write_touch-1MB-run-3,munmap_after_write_touch,1,3,per_iter,6.361016,us
nvhe,mmap_split,munmap_after_read_touch-1MB-run-1,munmap_after_read_touch,1,1,per_iter,5.025407,us
nvhe,mmap_split,munmap_after_read_touch-1MB-run-2,munmap_after_read_touch,1,2,per_iter,5.033021,us
nvhe,mmap_split,munmap_after_read_touch-1MB-run-3,munmap_after_read_touch,1,3,per_iter,6.458292,us
nvhe,mmap_split,openclose-2MB-run-1,openclose,2,1,per_iter,6.121655,us
nvhe,mmap_split,openclose-2MB-run-2,openclose,2,2,per_iter,2.698169,us
nvhe,mmap_split,openclose-2MB-run-3,openclose,2,3,per_iter,2.708911,us
nvhe,mmap_split,mmap_unmap-2MB-run-1,mmap_unmap,2,1,per_iter,2.942480,us
nvhe,mmap_split,mmap_unmap-2MB-run-2,mmap_unmap,2,2,per_iter,6.795898,us
nvhe,mmap_split,mmap_unmap-2MB-run-3,mmap_unmap,2,3,per_iter,7.531958,us
nvhe,mmap_split,mmap_populate_unmap-2MB-run-1,mmap_populate_unmap,2,1,per_iter,86.849243,us
nvhe,mmap_split,mmap_populate_unmap-2MB-run-2,mmap_populate_unmap,2,2,per_iter,91.880884,us
nvhe,mmap_split,mmap_populate_unmap-2MB-run-3,mmap_populate_unmap,2,3,per_iter,93.768970,us
nvhe,mmap_split,mmap_write_touch_unmap-2MB-run-1,mmap_write_touch_unmap,2,1,per_iter,21.216162,us
nvhe,mmap_split,mmap_write_touch_unmap-2MB-run-2,mmap_write_touch_unmap,2,2,per_iter,27.750195,us
nvhe,mmap_split,mmap_write_touch_unmap-2MB-run-3,mmap_write_touch_unmap,2,3,per_iter,27.599113,us
nvhe,mmap_split,mmap_read_touch_unmap-2MB-run-1,mmap_read_touch_unmap,2,1,per_iter,21.877987,us
nvhe,mmap_split,mmap_read_touch_unmap-2MB-run-2,mmap_read_touch_unmap,2,2,per_iter,23.271981,us
nvhe,mmap_split,mmap_read_touch_unmap-2MB-run-3,mmap_read_touch_unmap,2,3,per_iter,17.373299,us
nvhe,mmap_split,write_touch_cold-2MB-run-1,write_touch_cold,2,1,per_iter,17.629064,us
nvhe,mmap_split,write_touch_cold-2MB-run-2,write_touch_cold,2,2,per_iter,17.501262,us
nvhe,mmap_split,write_touch_cold-2MB-run-3,write_touch_cold,2,3,per_iter,17.592026,us
nvhe,mmap_split,read_touch_cold-2MB-run-1,read_touch_cold,2,1,per_iter,8.917486,us
nvhe,mmap_split,read_touch_cold-2MB-run-2,read_touch_cold,2,2,per_iter,10.377825,us
nvhe,mmap_split,read_touch_cold-2MB-run-3,read_touch_cold,2,3,per_iter,10.295380,us
nvhe,mmap_split,write_touch_hot-2MB-run-1,write_touch_hot,2,1,per_iter,0.132308,us
nvhe,mmap_split,write_touch_hot-2MB-run-2,write_touch_hot,2,2,per_iter,0.057878,us
nvhe,mmap_split,write_touch_hot-2MB-run-3,write_touch_hot,2,3,per_iter,0.043905,us
nvhe,mmap_split,read_touch_hot-2MB-run-1,read_touch_hot,2,1,per_iter,0.026481,us
nvhe,mmap_split,read_touch_hot-2MB-run-2,read_touch_hot,2,2,per_iter,0.053760,us
nvhe,mmap_split,read_touch_hot-2MB-run-3,read_touch_hot,2,3,per_iter,0.065356,us
nvhe,mmap_split,munmap_after_no_touch-2MB-run-1,munmap_after_no_touch,2,1,per_iter,2.489744,us
nvhe,mmap_split,munmap_after_no_touch-2MB-run-2,munmap_after_no_touch,2,2,per_iter,2.333364,us
nvhe,mmap_split,munmap_after_no_touch-2MB-run-3,munmap_after_no_touch,2,3,per_iter,2.775850,us
nvhe,mmap_split,munmap_after_write_touch-2MB-run-1,munmap_after_write_touch,2,1,per_iter,7.704970,us
nvhe,mmap_split,munmap_after_write_touch-2MB-run-2,munmap_after_write_touch,2,2,per_iter,6.438256,us
nvhe,mmap_split,munmap_after_write_touch-2MB-run-3,munmap_after_write_touch,2,3,per_iter,8.536574,us
nvhe,mmap_split,munmap_after_read_touch-2MB-run-1,munmap_after_read_touch,2,1,per_iter,10.033725,us
nvhe,mmap_split,munmap_after_read_touch-2MB-run-2,munmap_after_read_touch,2,2,per_iter,7.099703,us
nvhe,mmap_split,munmap_after_read_touch-2MB-run-3,munmap_after_read_touch,2,3,per_iter,7.105395,us
nvhe,mmap_split,openclose-4MB-run-1,openclose,4,1,per_iter,2.632907,us
nvhe,mmap_split,openclose-4MB-run-2,openclose,4,2,per_iter,6.848104,us
nvhe,mmap_split,openclose-4MB-run-3,openclose,4,3,per_iter,5.210721,us
nvhe,mmap_split,mmap_unmap-4MB-run-1,mmap_unmap,4,1,per_iter,4.403103,us
nvhe,mmap_split,mmap_unmap-4MB-run-2,mmap_unmap,4,2,per_iter,7.399428,us
nvhe,mmap_split,mmap_unmap-4MB-run-3,mmap_unmap,4,3,per_iter,7.659152,us
nvhe,mmap_split,mmap_populate_unmap-4MB-run-1,mmap_populate_unmap,4,1,per_iter,166.407783,us
nvhe,mmap_split,mmap_populate_unmap-4MB-run-2,mmap_populate_unmap,4,2,per_iter,175.059204,us
nvhe,mmap_split,mmap_populate_unmap-4MB-run-3,mmap_populate_unmap,4,3,per_iter,173.135145,us
nvhe,mmap_split,mmap_write_touch_unmap-4MB-run-1,mmap_write_touch_unmap,4,1,per_iter,51.591960,us
nvhe,mmap_split,mmap_write_touch_unmap-4MB-run-2,mmap_write_touch_unmap,4,2,per_iter,49.127224,us
nvhe,mmap_split,mmap_write_touch_unmap-4MB-run-3,mmap_write_touch_unmap,4,3,per_iter,50.918091,us
nvhe,mmap_split,mmap_read_touch_unmap-4MB-run-1,mmap_read_touch_unmap,4,1,per_iter,36.461887,us
nvhe,mmap_split,mmap_read_touch_unmap-4MB-run-2,mmap_read_touch_unmap,4,2,per_iter,30.248752,us
nvhe,mmap_split,mmap_read_touch_unmap-4MB-run-3,mmap_read_touch_unmap,4,3,per_iter,36.234280,us
nvhe,mmap_split,write_touch_cold-4MB-run-1,write_touch_cold,4,1,per_iter,28.009721,us
nvhe,mmap_split,write_touch_cold-4MB-run-2,write_touch_cold,4,2,per_iter,36.488304,us
nvhe,mmap_split,write_touch_cold-4MB-run-3,write_touch_cold,4,3,per_iter,35.245225,us
nvhe,mmap_split,read_touch_cold-4MB-run-1,read_touch_cold,4,1,per_iter,16.179544,us
nvhe,mmap_split,read_touch_cold-4MB-run-2,read_touch_cold,4,2,per_iter,17.610592,us
nvhe,mmap_split,read_touch_cold-4MB-run-3,read_touch_cold,4,3,per_iter,17.279440,us
nvhe,mmap_split,write_touch_hot-4MB-run-1,write_touch_hot,4,1,per_iter,0.343506,us
nvhe,mmap_split,write_touch_hot-4MB-run-2,write_touch_hot,4,2,per_iter,0.181939,us
nvhe,mmap_split,write_touch_hot-4MB-run-3,write_touch_hot,4,3,per_iter,0.339844,us
nvhe,mmap_split,read_touch_hot-4MB-run-1,read_touch_hot,4,1,per_iter,0.160034,us
nvhe,mmap_split,read_touch_hot-4MB-run-2,read_touch_hot,4,2,per_iter,0.190240,us
nvhe,mmap_split,read_touch_hot-4MB-run-3,read_touch_hot,4,3,per_iter,0.099406,us
nvhe,mmap_split,munmap_after_no_touch-4MB-run-1,munmap_after_no_touch,4,1,per_iter,1.739507,us
nvhe,mmap_split,munmap_after_no_touch-4MB-run-2,munmap_after_no_touch,4,2,per_iter,1.462601,us
nvhe,mmap_split,munmap_after_no_touch-4MB-run-3,munmap_after_no_touch,4,3,per_iter,1.616278,us
nvhe,mmap_split,munmap_after_write_touch-4MB-run-1,munmap_after_write_touch,4,1,per_iter,9.527106,us
nvhe,mmap_split,munmap_after_write_touch-4MB-run-2,munmap_after_write_touch,4,2,per_iter,12.550472,us
nvhe,mmap_split,munmap_after_write_touch-4MB-run-3,munmap_after_write_touch,4,3,per_iter,11.559052,us
nvhe,mmap_split,munmap_after_read_touch-4MB-run-1,munmap_after_read_touch,4,1,per_iter,14.764108,us
nvhe,mmap_split,munmap_after_read_touch-4MB-run-2,munmap_after_read_touch,4,2,per_iter,9.576336,us
nvhe,mmap_split,munmap_after_read_touch-4MB-run-3,munmap_after_read_touch,4,3,per_iter,14.836895,us
nvhe,mmap_split,openclose-8MB-run-1,openclose,8,1,per_iter,7.055929,us
nvhe,mmap_split,openclose-8MB-run-2,openclose,8,2,per_iter,6.998800,us
nvhe,mmap_split,openclose-8MB-run-3,openclose,8,3,per_iter,7.184611,us
nvhe,mmap_split,mmap_unmap-8MB-run-1,mmap_unmap,8,1,per_iter,2.915466,us
nvhe,mmap_split,mmap_unmap-8MB-run-2,mmap_unmap,8,2,per_iter,7.912536,us
nvhe,mmap_split,mmap_unmap-8MB-run-3,mmap_unmap,8,3,per_iter,3.462016,us
nvhe,mmap_split,mmap_populate_unmap-8MB-run-1,mmap_populate_unmap,8,1,per_iter,331.602234,us
nvhe,mmap_split,mmap_populate_unmap-8MB-run-2,mmap_populate_unmap,8,2,per_iter,336.031352,us
nvhe,mmap_split,mmap_populate_unmap-8MB-run-3,mmap_populate_unmap,8,3,per_iter,334.514527,us
nvhe,mmap_split,mmap_write_touch_unmap-8MB-run-1,mmap_write_touch_unmap,8,1,per_iter,90.716695,us
nvhe,mmap_split,mmap_write_touch_unmap-8MB-run-2,mmap_write_touch_unmap,8,2,per_iter,89.704204,us
nvhe,mmap_split,mmap_write_touch_unmap-8MB-run-3,mmap_write_touch_unmap,8,3,per_iter,90.326579,us
nvhe,mmap_split,mmap_read_touch_unmap-8MB-run-1,mmap_read_touch_unmap,8,1,per_iter,53.599650,us
nvhe,mmap_split,mmap_read_touch_unmap-8MB-run-2,mmap_read_touch_unmap,8,2,per_iter,43.601909,us
nvhe,mmap_split,mmap_read_touch_unmap-8MB-run-3,mmap_read_touch_unmap,8,3,per_iter,41.752828,us
nvhe,mmap_split,write_touch_cold-8MB-run-1,write_touch_cold,8,1,per_iter,70.107118,us
nvhe,mmap_split,write_touch_cold-8MB-run-2,write_touch_cold,8,2,per_iter,70.857175,us
nvhe,mmap_split,write_touch_cold-8MB-run-3,write_touch_cold,8,3,per_iter,59.178784,us
nvhe,mmap_split,read_touch_cold-8MB-run-1,read_touch_cold,8,1,per_iter,34.402321,us
nvhe,mmap_split,read_touch_cold-8MB-run-2,read_touch_cold,8,2,per_iter,35.260980,us
nvhe,mmap_split,read_touch_cold-8MB-run-3,read_touch_cold,8,3,per_iter,24.797102,us
nvhe,mmap_split,write_touch_hot-8MB-run-1,write_touch_hot,8,1,per_iter,0.431437,us
nvhe,mmap_split,write_touch_hot-8MB-run-2,write_touch_hot,8,2,per_iter,0.396952,us
nvhe,mmap_split,write_touch_hot-8MB-run-3,write_touch_hot,8,3,per_iter,0.446330,us
nvhe,mmap_split,read_touch_hot-8MB-run-1,read_touch_hot,8,1,per_iter,0.405131,us
nvhe,mmap_split,read_touch_hot-8MB-run-2,read_touch_hot,8,2,per_iter,0.188986,us
nvhe,mmap_split,read_touch_hot-8MB-run-3,read_touch_hot,8,3,per_iter,0.188802,us
nvhe,mmap_split,munmap_after_no_touch-8MB-run-1,munmap_after_no_touch,8,1,per_iter,1.348787,us
nvhe,mmap_split,munmap_after_no_touch-8MB-run-2,munmap_after_no_touch,8,2,per_iter,1.571346,us
nvhe,mmap_split,munmap_after_no_touch-8MB-run-3,munmap_after_no_touch,8,3,per_iter,2.441369,us
nvhe,mmap_split,munmap_after_write_touch-8MB-run-1,munmap_after_write_touch,8,1,per_iter,13.310251,us
nvhe,mmap_split,munmap_after_write_touch-8MB-run-2,munmap_after_write_touch,8,2,per_iter,15.495063,us
nvhe,mmap_split,munmap_after_write_touch-8MB-run-3,munmap_after_write_touch,8,3,per_iter,15.903988,us
nvhe,mmap_split,munmap_after_read_touch-8MB-run-1,munmap_after_read_touch,8,1,per_iter,21.266518,us
nvhe,mmap_split,munmap_after_read_touch-8MB-run-2,munmap_after_read_touch,8,2,per_iter,19.483053,us
nvhe,mmap_split,munmap_after_read_touch-8MB-run-3,munmap_after_read_touch,8,3,per_iter,20.765301,us
nvhe,mmap_split,openclose-16MB-run-1,openclose,16,1,per_iter,5.016602,us
nvhe,mmap_split,openclose-16MB-run-2,openclose,16,2,per_iter,7.469075,us
nvhe,mmap_split,openclose-16MB-run-3,openclose,16,3,per_iter,7.969157,us
nvhe,mmap_split,mmap_unmap-16MB-run-1,mmap_unmap,16,1,per_iter,7.848063,us
nvhe,mmap_split,mmap_unmap-16MB-run-2,mmap_unmap,16,2,per_iter,5.843669,us
nvhe,mmap_split,mmap_unmap-16MB-run-3,mmap_unmap,16,3,per_iter,9.542928,us
nvhe,mmap_split,mmap_populate_unmap-16MB-run-1,mmap_populate_unmap,16,1,per_iter,659.542888,us
nvhe,mmap_split,mmap_populate_unmap-16MB-run-2,mmap_populate_unmap,16,2,per_iter,657.733805,us
nvhe,mmap_split,mmap_populate_unmap-16MB-run-3,mmap_populate_unmap,16,3,per_iter,635.636556,us
nvhe,mmap_split,mmap_write_touch_unmap-16MB-run-1,mmap_write_touch_unmap,16,1,per_iter,166.992066,us
nvhe,mmap_split,mmap_write_touch_unmap-16MB-run-2,mmap_write_touch_unmap,16,2,per_iter,137.051148,us
nvhe,mmap_split,mmap_write_touch_unmap-16MB-run-3,mmap_write_touch_unmap,16,3,per_iter,158.491414,us
nvhe,mmap_split,mmap_read_touch_unmap-16MB-run-1,mmap_read_touch_unmap,16,1,per_iter,108.232300,us
nvhe,mmap_split,mmap_read_touch_unmap-16MB-run-2,mmap_read_touch_unmap,16,2,per_iter,96.789266,us
nvhe,mmap_split,mmap_read_touch_unmap-16MB-run-3,mmap_read_touch_unmap,16,3,per_iter,112.383057,us
nvhe,mmap_split,write_touch_cold-16MB-run-1,write_touch_cold,16,1,per_iter,141.387702,us
nvhe,mmap_split,write_touch_cold-16MB-run-2,write_touch_cold,16,2,per_iter,141.763065,us
nvhe,mmap_split,write_touch_cold-16MB-run-3,write_touch_cold,16,3,per_iter,129.020950,us
nvhe,mmap_split,read_touch_cold-16MB-run-1,read_touch_cold,16,1,per_iter,51.332651,us
nvhe,mmap_split,read_touch_cold-16MB-run-2,read_touch_cold,16,2,per_iter,48.605978,us
nvhe,mmap_split,read_touch_cold-16MB-run-3,read_touch_cold,16,3,per_iter,70.673200,us
nvhe,mmap_split,write_touch_hot-16MB-run-1,write_touch_hot,16,1,per_iter,0.445272,us
nvhe,mmap_split,write_touch_hot-16MB-run-2,write_touch_hot,16,2,per_iter,0.946207,us
nvhe,mmap_split,write_touch_hot-16MB-run-3,write_touch_hot,16,3,per_iter,0.701213,us
nvhe,mmap_split,read_touch_hot-16MB-run-1,read_touch_hot,16,1,per_iter,1.211995,us
nvhe,mmap_split,read_touch_hot-16MB-run-2,read_touch_hot,16,2,per_iter,1.346923,us
nvhe,mmap_split,read_touch_hot-16MB-run-3,read_touch_hot,16,3,per_iter,0.517009,us
nvhe,mmap_split,munmap_after_no_touch-16MB-run-1,munmap_after_no_touch,16,1,per_iter,3.286183,us
nvhe,mmap_split,munmap_after_no_touch-16MB-run-2,munmap_after_no_touch,16,2,per_iter,1.616103,us
nvhe,mmap_split,munmap_after_no_touch-16MB-run-3,munmap_after_no_touch,16,3,per_iter,1.094720,us
nvhe,mmap_split,munmap_after_write_touch-16MB-run-1,munmap_after_write_touch,16,1,per_iter,18.341759,us
nvhe,mmap_split,munmap_after_write_touch-16MB-run-2,munmap_after_write_touch,16,2,per_iter,17.937435,us
nvhe,mmap_split,munmap_after_write_touch-16MB-run-3,munmap_after_write_touch,16,3,per_iter,18.526570,us
nvhe,mmap_split,munmap_after_read_touch-16MB-run-1,munmap_after_read_touch,16,1,per_iter,25.722399,us
nvhe,mmap_split,munmap_after_read_touch-16MB-run-2,munmap_after_read_touch,16,2,per_iter,24.620467,us
nvhe,mmap_split,munmap_after_read_touch-16MB-run-3,munmap_after_read_touch,16,3,per_iter,36.851244,us
nvhe,mmap_split,openclose-64MB-run-1,openclose,64,1,per_iter,8.458253,us
nvhe,mmap_split,openclose-64MB-run-2,openclose,64,2,per_iter,8.567030,us
nvhe,mmap_split,openclose-64MB-run-3,openclose,64,3,per_iter,7.270373,us
nvhe,mmap_split,mmap_unmap-64MB-run-1,mmap_unmap,64,1,per_iter,12.759197,us
nvhe,mmap_split,mmap_unmap-64MB-run-2,mmap_unmap,64,2,per_iter,10.051137,us
nvhe,mmap_split,mmap_unmap-64MB-run-3,mmap_unmap,64,3,per_iter,7.892797,us
nvhe,mmap_split,mmap_populate_unmap-64MB-run-1,mmap_populate_unmap,64,1,per_iter,2487.962103,us
nvhe,mmap_split,mmap_populate_unmap-64MB-run-2,mmap_populate_unmap,64,2,per_iter,2580.767957,us
nvhe,mmap_split,mmap_populate_unmap-64MB-run-3,mmap_populate_unmap,64,3,per_iter,2484.111463,us
nvhe,mmap_split,mmap_write_touch_unmap-64MB-run-1,mmap_write_touch_unmap,64,1,per_iter,612.527533,us
nvhe,mmap_split,mmap_write_touch_unmap-64MB-run-2,mmap_write_touch_unmap,64,2,per_iter,534.486900,us
nvhe,mmap_split,mmap_write_touch_unmap-64MB-run-3,mmap_write_touch_unmap,64,3,per_iter,523.215467,us
nvhe,mmap_split,mmap_read_touch_unmap-64MB-run-1,mmap_read_touch_unmap,64,1,per_iter,391.582033,us
nvhe,mmap_split,mmap_read_touch_unmap-64MB-run-2,mmap_read_touch_unmap,64,2,per_iter,296.701117,us
nvhe,mmap_split,mmap_read_touch_unmap-64MB-run-3,mmap_read_touch_unmap,64,3,per_iter,388.784180,us
nvhe,mmap_split,write_touch_cold-64MB-run-1,write_touch_cold,64,1,per_iter,492.514697,us
nvhe,mmap_split,write_touch_cold-64MB-run-2,write_touch_cold,64,2,per_iter,572.529250,us
nvhe,mmap_split,write_touch_cold-64MB-run-3,write_touch_cold,64,3,per_iter,573.221540,us
nvhe,mmap_split,read_touch_cold-64MB-run-1,read_touch_cold,64,1,per_iter,261.903583,us
nvhe,mmap_split,read_touch_cold-64MB-run-2,read_touch_cold,64,2,per_iter,266.588677,us
nvhe,mmap_split,read_touch_cold-64MB-run-3,read_touch_cold,64,3,per_iter,276.531703,us
nvhe,mmap_split,write_touch_hot-64MB-run-1,write_touch_hot,64,1,per_iter,2.932673,us
nvhe,mmap_split,write_touch_hot-64MB-run-2,write_touch_hot,64,2,per_iter,1.740723,us
nvhe,mmap_split,write_touch_hot-64MB-run-3,write_touch_hot,64,3,per_iter,3.970540,us
nvhe,mmap_split,read_touch_hot-64MB-run-1,read_touch_hot,64,1,per_iter,5.513643,us
nvhe,mmap_split,read_touch_hot-64MB-run-2,read_touch_hot,64,2,per_iter,5.487193,us
nvhe,mmap_split,read_touch_hot-64MB-run-3,read_touch_hot,64,3,per_iter,4.059247,us
nvhe,mmap_split,munmap_after_no_touch-64MB-run-1,munmap_after_no_touch,64,1,per_iter,1.665127,us
nvhe,mmap_split,munmap_after_no_touch-64MB-run-2,munmap_after_no_touch,64,2,per_iter,1.088317,us
nvhe,mmap_split,munmap_after_no_touch-64MB-run-3,munmap_after_no_touch,64,3,per_iter,3.944150,us
nvhe,mmap_split,munmap_after_write_touch-64MB-run-1,munmap_after_write_touch,64,1,per_iter,44.743810,us
nvhe,mmap_split,munmap_after_write_touch-64MB-run-2,munmap_after_write_touch,64,2,per_iter,45.129393,us
nvhe,mmap_split,munmap_after_write_touch-64MB-run-3,munmap_after_write_touch,64,3,per_iter,43.735210,us
nvhe,mmap_split,munmap_after_read_touch-64MB-run-1,munmap_after_read_touch,64,1,per_iter,117.282157,us
nvhe,mmap_split,munmap_after_read_touch-64MB-run-2,munmap_after_read_touch,64,2,per_iter,104.290380,us
nvhe,mmap_split,munmap_after_read_touch-64MB-run-3,munmap_after_read_touch,64,3,per_iter,114.042007,us
nvhe,lat_mem_rd,64MB-stride128-run-1,load_stride_128,64.00000,1,load_latency,3.477,ns
nvhe,lat_mem_rd,64MB-stride128-run-2,load_stride_128,64.00000,2,load_latency,3.488,ns
nvhe,lat_mem_rd,64MB-stride128-run-3,load_stride_128,64.00000,3,load_latency,3.455,ns
nvhe,bw_mem,rd-64m-run-1,rd,67.11,1,bandwidth,26609.38,MB/s
nvhe,bw_mem,rd-64m-run-2,rd,67.11,2,bandwidth,27769.19,MB/s
nvhe,bw_mem,rd-64m-run-3,rd,67.11,3,bandwidth,12212.71,MB/s
nvhe,bw_mem,wr-64m-run-1,wr,67.11,1,bandwidth,17524.18,MB/s
nvhe,bw_mem,wr-64m-run-2,wr,67.11,2,bandwidth,18059.44,MB/s
nvhe,bw_mem,wr-64m-run-3,wr,67.11,3,bandwidth,17563.17,MB/s
nvhe,bw_mem,rdwr-64m-run-1,rdwr,67.11,1,bandwidth,15507.54,MB/s
nvhe,bw_mem,rdwr-64m-run-2,rdwr,67.11,2,bandwidth,15561.48,MB/s
nvhe,bw_mem,rdwr-64m-run-3,rdwr,67.11,3,bandwidth,17772.47,MB/s
nvhe,bw_mmap_rd,mmap_only-64m-run-1,mmap_only,67.11,1,bandwidth,24993.99,MB/s
nvhe,bw_mmap_rd,open2close-64m-run-1,open2close,67.11,1,bandwidth,9585.61,MB/s
nvhe,bw_mmap_rd,mmap_only-64m-run-2,mmap_only,67.11,2,bandwidth,22469.49,MB/s
nvhe,bw_mmap_rd,open2close-64m-run-2,open2close,67.11,2,bandwidth,9478.65,MB/s
nvhe,bw_mmap_rd,mmap_only-64m-run-3,mmap_only,67.11,3,bandwidth,24122.52,MB/s
nvhe,bw_mmap_rd,open2close-64m-run-3,open2close,67.11,3,bandwidth,9827.04,MB/s
