mode	section	label	rc	thermal_gate_start_mc	thermal_wait_sec	thermal_gate_ready_mc	freq_before_khz	freq_after_khz	thermal_before_mc	thermal_after_mc	command
protected	mmap_split_full	openclose-0.5MB-run-1	0	37000	0	37000	1418000	1795000	36000	36000	'/data/local/tmp/pixel-overview-early/mmap_split_bench' 'openclose' '0.5' '10000' '/data/local/tmp/pixel-overview-early/lmb_0.5MB.bin' 10 16 1
protected	mmap_split_full	openclose-0.5MB-run-2	0	37000	0	37000	578000	1795000	36000	36000	'/data/local/tmp/pixel-overview-early/mmap_split_bench' 'openclose' '0.5' '10000' '/data/local/tmp/pixel-overview-early/lmb_0.5MB.bin' 10 16 1
protected	mmap_split_full	mmap_unmap-0.5MB-run-1	0	37000	0	37000	1945000	1795000	36000	37000	'/data/local/tmp/pixel-overview-early/mmap_split_bench' 'mmap_unmap' '0.5' '10000' '/data/local/tmp/pixel-overview-early/lmb_0.5MB.bin' 10 16 1
protected	mmap_split_full	mmap_unmap-0.5MB-run-2	0	36000	0	36000	2130000	357000	36000	36000	'/data/local/tmp/pixel-overview-early/mmap_split_bench' 'mmap_unmap' '0.5' '10000' '/data/local/tmp/pixel-overview-early/lmb_0.5MB.bin' 10 16 1
protected	mmap_split_full	mmap_populate_unmap-0.5MB-run-1	0	37000	0	37000	578000	1795000	37000	39000	'/data/local/tmp/pixel-overview-early/mmap_split_bench' 'mmap_populate_unmap' '0.5' '10000' '/data/local/tmp/pixel-overview-early/lmb_0.5MB.bin' 10 16 1
protected	mmap_split_full	mmap_populate_unmap-0.5MB-run-2	0	38000	0	38000	1418000	1795000	36000	37000	'/data/local/tmp/pixel-overview-early/mmap_split_bench' 'mmap_populate_unmap' '0.5' '10000' '/data/local/tmp/pixel-overview-early/lmb_0.5MB.bin' 10 16 1
protected	mmap_split_full	mmap_write_touch_unmap-0.5MB-run-1	0	36000	0	36000	578000	1945000	38000	36000	'/data/local/tmp/pixel-overview-early/mmap_split_bench' 'mmap_write_touch_unmap' '0.5' '10000' '/data/local/tmp/pixel-overview-early/lmb_0.5MB.bin' 10 16 1
protected	mmap_split_full	mmap_write_touch_unmap-0.5MB-run-2	0	37000	0	37000	578000	1795000	37000	37000	'/data/local/tmp/pixel-overview-early/mmap_split_bench' 'mmap_write_touch_unmap' '0.5' '10000' '/data/local/tmp/pixel-overview-early/lmb_0.5MB.bin' 10 16 1
protected	mmap_split_full	mmap_read_touch_unmap-0.5MB-run-1	0	36000	0	36000	1795000	787000	38000	37000	'/data/local/tmp/pixel-overview-early/mmap_split_bench' 'mmap_read_touch_unmap' '0.5' '10000' '/data/local/tmp/pixel-overview-early/lmb_0.5MB.bin' 10 16 1
protected	mmap_split_full	mmap_read_touch_unmap-0.5MB-run-2	0	37000	0	37000	578000	1795000	37000	38000	'/data/local/tmp/pixel-overview-early/mmap_split_bench' 'mmap_read_touch_unmap' '0.5' '10000' '/data/local/tmp/pixel-overview-early/lmb_0.5MB.bin' 10 16 1
protected	mmap_split_full	write_touch_cold-0.5MB-run-1	0	37000	0	37000	1795000	1795000	36000	38000	'/data/local/tmp/pixel-overview-early/mmap_split_bench' 'write_touch_cold' '0.5' '10000' '/data/local/tmp/pixel-overview-early/lmb_0.5MB.bin' 10 16 1
protected	mmap_split_full	write_touch_cold-0.5MB-run-2	0	38000	0	38000	2245000	2600000	38000	45000	'/data/local/tmp/pixel-overview-early/mmap_split_bench' 'write_touch_cold' '0.5' '10000' '/data/local/tmp/pixel-overview-early/lmb_0.5MB.bin' 10 16 1
protected	mmap_split_full	read_touch_cold-0.5MB-run-1	0	40000	20	38000	578000	1945000	40000	40000	'/data/local/tmp/pixel-overview-early/mmap_split_bench' 'read_touch_cold' '0.5' '10000' '/data/local/tmp/pixel-overview-early/lmb_0.5MB.bin' 10 16 1
protected	mmap_split_full	read_touch_cold-0.5MB-run-2	0	39000	5	37000	1795000	1795000	39000	39000	'/data/local/tmp/pixel-overview-early/mmap_split_bench' 'read_touch_cold' '0.5' '10000' '/data/local/tmp/pixel-overview-early/lmb_0.5MB.bin' 10 16 1
protected	mmap_split_full	write_touch_hot-0.5MB-run-1	0	40000	5	37000	1945000	648000	36000	38000	'/data/local/tmp/pixel-overview-early/mmap_split_bench' 'write_touch_hot' '0.5' '10000' '/data/local/tmp/pixel-overview-early/lmb_0.5MB.bin' 10 16 1
protected	mmap_split_full	write_touch_hot-0.5MB-run-2	0	37000	0	37000	648000	1795000	39000	38000	'/data/local/tmp/pixel-overview-early/mmap_split_bench' 'write_touch_hot' '0.5' '10000' '/data/local/tmp/pixel-overview-early/lmb_0.5MB.bin' 10 16 1
protected	mmap_split_full	read_touch_hot-0.5MB-run-1	0	36000	0	36000	578000	1795000	39000	37000	'/data/local/tmp/pixel-overview-early/mmap_split_bench' 'read_touch_hot' '0.5' '10000' '/data/local/tmp/pixel-overview-early/lmb_0.5MB.bin' 10 16 1
protected	mmap_split_full	read_touch_hot-0.5MB-run-2	0	38000	0	38000	578000	1795000	37000	38000	'/data/local/tmp/pixel-overview-early/mmap_split_bench' 'read_touch_hot' '0.5' '10000' '/data/local/tmp/pixel-overview-early/lmb_0.5MB.bin' 10 16 1
protected	mmap_split_full	munmap_after_no_touch-0.5MB-run-1	0	38000	0	38000	357000	1795000	37000	39000	'/data/local/tmp/pixel-overview-early/mmap_split_bench' 'munmap_after_no_touch' '0.5' '10000' '/data/local/tmp/pixel-overview-early/lmb_0.5MB.bin' 10 16 1
protected	mmap_split_full	munmap_after_no_touch-0.5MB-run-2	0	37000	0	37000	578000	2367000	37000	38000	'/data/local/tmp/pixel-overview-early/mmap_split_bench' 'munmap_after_no_touch' '0.5' '10000' '/data/local/tmp/pixel-overview-early/lmb_0.5MB.bin' 10 16 1
protected	mmap_split_full	munmap_after_write_touch-0.5MB-run-1	0	38000	0	38000	1418000	1795000	39000	37000	'/data/local/tmp/pixel-overview-early/mmap_split_bench' 'munmap_after_write_touch' '0.5' '10000' '/data/local/tmp/pixel-overview-early/lmb_0.5MB.bin' 10 16 1
protected	mmap_split_full	munmap_after_write_touch-0.5MB-run-2	0	37000	0	37000	1795000	2245000	37000	38000	'/data/local/tmp/pixel-overview-early/mmap_split_bench' 'munmap_after_write_touch' '0.5' '10000' '/data/local/tmp/pixel-overview-early/lmb_0.5MB.bin' 10 16 1
protected	mmap_split_full	munmap_after_read_touch-0.5MB-run-1	0	38000	0	38000	578000	2130000	38000	39000	'/data/local/tmp/pixel-overview-early/mmap_split_bench' 'munmap_after_read_touch' '0.5' '10000' '/data/local/tmp/pixel-overview-early/lmb_0.5MB.bin' 10 16 1
protected	mmap_split_full	munmap_after_read_touch-0.5MB-run-2	0	37000	0	37000	1549000	2130000	37000	37000	'/data/local/tmp/pixel-overview-early/mmap_split_bench' 'munmap_after_read_touch' '0.5' '10000' '/data/local/tmp/pixel-overview-early/lmb_0.5MB.bin' 10 16 1
protected	mmap_split_full	openclose-1MB-run-1	0	38000	0	38000	1795000	1945000	38000	39000	'/data/local/tmp/pixel-overview-early/mmap_split_bench' 'openclose' '1' '8000' '/data/local/tmp/pixel-overview-early/lmb_1MB.bin' 10 16 1
protected	mmap_split_full	openclose-1MB-run-2	0	42000	5	37000	1795000	910000	38000	37000	'/data/local/tmp/pixel-overview-early/mmap_split_bench' 'openclose' '1' '8000' '/data/local/tmp/pixel-overview-early/lmb_1MB.bin' 10 16 1
protected	mmap_split_full	mmap_unmap-1MB-run-1	0	37000	0	37000	1795000	1945000	39000	38000	'/data/local/tmp/pixel-overview-early/mmap_split_bench' 'mmap_unmap' '1' '8000' '/data/local/tmp/pixel-overview-early/lmb_1MB.bin' 10 16 1
protected	mmap_split_full	mmap_unmap-1MB-run-2	0	38000	0	38000	1418000	1549000	38000	39000	'/data/local/tmp/pixel-overview-early/mmap_split_bench' 'mmap_unmap' '1' '8000' '/data/local/tmp/pixel-overview-early/lmb_1MB.bin' 10 16 1
protected	mmap_split_full	mmap_populate_unmap-1MB-run-1	0	38000	0	38000	648000	1795000	39000	39000	'/data/local/tmp/pixel-overview-early/mmap_split_bench' 'mmap_populate_unmap' '1' '8000' '/data/local/tmp/pixel-overview-early/lmb_1MB.bin' 10 16 1
protected	mmap_split_full	mmap_populate_unmap-1MB-run-2	0	38000	0	38000	1945000	1795000	37000	40000	'/data/local/tmp/pixel-overview-early/mmap_split_bench' 'mmap_populate_unmap' '1' '8000' '/data/local/tmp/pixel-overview-early/lmb_1MB.bin' 10 16 1
protected	mmap_split_full	mmap_write_touch_unmap-1MB-run-1	0	38000	0	38000	648000	1945000	38000	37000	'/data/local/tmp/pixel-overview-early/mmap_split_bench' 'mmap_write_touch_unmap' '1' '8000' '/data/local/tmp/pixel-overview-early/lmb_1MB.bin' 10 16 1
protected	mmap_split_full	mmap_write_touch_unmap-1MB-run-2	0	39000	5	36000	357000	1795000	37000	37000	'/data/local/tmp/pixel-overview-early/mmap_split_bench' 'mmap_write_touch_unmap' '1' '8000' '/data/local/tmp/pixel-overview-early/lmb_1MB.bin' 10 16 1
protected	mmap_split_full	mmap_read_touch_unmap-1MB-run-1	0	38000	0	38000	578000	1795000	37000	39000	'/data/local/tmp/pixel-overview-early/mmap_split_bench' 'mmap_read_touch_unmap' '1' '8000' '/data/local/tmp/pixel-overview-early/lmb_1MB.bin' 10 16 1
protected	mmap_split_full	mmap_read_touch_unmap-1MB-run-2	0	37000	0	37000	578000	1945000	40000	37000	'/data/local/tmp/pixel-overview-early/mmap_split_bench' 'mmap_read_touch_unmap' '1' '8000' '/data/local/tmp/pixel-overview-early/lmb_1MB.bin' 10 16 1
protected	mmap_split_full	write_touch_cold-1MB-run-1	0	38000	0	38000	1795000	1795000	38000	37000	'/data/local/tmp/pixel-overview-early/mmap_split_bench' 'write_touch_cold' '1' '8000' '/data/local/tmp/pixel-overview-early/lmb_1MB.bin' 10 16 1
protected	mmap_split_full	write_touch_cold-1MB-run-2	0	38000	0	38000	648000	1795000	40000	37000	'/data/local/tmp/pixel-overview-early/mmap_split_bench' 'write_touch_cold' '1' '8000' '/data/local/tmp/pixel-overview-early/lmb_1MB.bin' 10 16 1
protected	mmap_split_full	read_touch_cold-1MB-run-1	0	40000	5	37000	578000	1795000	37000	37000	'/data/local/tmp/pixel-overview-early/mmap_split_bench' 'read_touch_cold' '1' '8000' '/data/local/tmp/pixel-overview-early/lmb_1MB.bin' 10 16 1
protected	mmap_split_full	read_touch_cold-1MB-run-2	0	38000	0	38000	648000	1795000	37000	40000	'/data/local/tmp/pixel-overview-early/mmap_split_bench' 'read_touch_cold' '1' '8000' '/data/local/tmp/pixel-overview-early/lmb_1MB.bin' 10 16 1
protected	mmap_split_full	write_touch_hot-1MB-run-1	0	37000	0	37000	910000	648000	37000	38000	'/data/local/tmp/pixel-overview-early/mmap_split_bench' 'write_touch_hot' '1' '8000' '/data/local/tmp/pixel-overview-early/lmb_1MB.bin' 10 16 1
protected	mmap_split_full	write_touch_hot-1MB-run-2	0	37000	0	37000	648000	1795000	37000	37000	'/data/local/tmp/pixel-overview-early/mmap_split_bench' 'write_touch_hot' '1' '8000' '/data/local/tmp/pixel-overview-early/lmb_1MB.bin' 10 16 1
protected	mmap_split_full	read_touch_hot-1MB-run-1	0	40000	5	36000	1549000	578000	37000	37000	'/data/local/tmp/pixel-overview-early/mmap_split_bench' 'read_touch_hot' '1' '8000' '/data/local/tmp/pixel-overview-early/lmb_1MB.bin' 10 16 1
protected	mmap_split_full	read_touch_hot-1MB-run-2	0	37000	0	37000	357000	578000	38000	37000	'/data/local/tmp/pixel-overview-early/mmap_split_bench' 'read_touch_hot' '1' '8000' '/data/local/tmp/pixel-overview-early/lmb_1MB.bin' 10 16 1
protected	mmap_split_full	munmap_after_no_touch-1MB-run-1	0	37000	0	37000	578000	1795000	39000	38000	'/data/local/tmp/pixel-overview-early/mmap_split_bench' 'munmap_after_no_touch' '1' '8000' '/data/local/tmp/pixel-overview-early/lmb_1MB.bin' 10 16 1
protected	mmap_split_full	munmap_after_no_touch-1MB-run-2	0	38000	0	38000	578000	1795000	37000	37000	'/data/local/tmp/pixel-overview-early/mmap_split_bench' 'munmap_after_no_touch' '1' '8000' '/data/local/tmp/pixel-overview-early/lmb_1MB.bin' 10 16 1
protected	mmap_split_full	munmap_after_write_touch-1MB-run-1	0	37000	0	37000	648000	1795000	39000	38000	'/data/local/tmp/pixel-overview-early/mmap_split_bench' 'munmap_after_write_touch' '1' '8000' '/data/local/tmp/pixel-overview-early/lmb_1MB.bin' 10 16 1
protected	mmap_split_full	munmap_after_write_touch-1MB-run-2	0	40000	10	38000	1795000	1795000	37000	38000	'/data/local/tmp/pixel-overview-early/mmap_split_bench' 'munmap_after_write_touch' '1' '8000' '/data/local/tmp/pixel-overview-early/lmb_1MB.bin' 10 16 1
protected	mmap_split_full	munmap_after_read_touch-1MB-run-1	0	37000	0	37000	1795000	2130000	38000	37000	'/data/local/tmp/pixel-overview-early/mmap_split_bench' 'munmap_after_read_touch' '1' '8000' '/data/local/tmp/pixel-overview-early/lmb_1MB.bin' 10 16 1
protected	mmap_split_full	munmap_after_read_touch-1MB-run-2	0	37000	0	37000	1795000	1795000	38000	37000	'/data/local/tmp/pixel-overview-early/mmap_split_bench' 'munmap_after_read_touch' '1' '8000' '/data/local/tmp/pixel-overview-early/lmb_1MB.bin' 10 16 1
protected	mmap_split_full	openclose-2MB-run-1	0	38000	0	38000	578000	2130000	38000	39000	'/data/local/tmp/pixel-overview-early/mmap_split_bench' 'openclose' '2' '5000' '/data/local/tmp/pixel-overview-early/lmb_2MB.bin' 10 16 1
protected	mmap_split_full	openclose-2MB-run-2	0	37000	0	37000	578000	1795000	38000	37000	'/data/local/tmp/pixel-overview-early/mmap_split_bench' 'openclose' '2' '5000' '/data/local/tmp/pixel-overview-early/lmb_2MB.bin' 10 16 1
protected	mmap_split_full	mmap_unmap-2MB-run-1	0	37000	0	37000	578000	1945000	39000	37000	'/data/local/tmp/pixel-overview-early/mmap_split_bench' 'mmap_unmap' '2' '5000' '/data/local/tmp/pixel-overview-early/lmb_2MB.bin' 10 16 1
protected	mmap_split_full	mmap_unmap-2MB-run-2	0	39000	10	36000	648000	787000	36000	37000	'/data/local/tmp/pixel-overview-early/mmap_split_bench' 'mmap_unmap' '2' '5000' '/data/local/tmp/pixel-overview-early/lmb_2MB.bin' 10 16 1
protected	mmap_split_full	mmap_populate_unmap-2MB-run-1	0	37000	0	37000	578000	1945000	37000	40000	'/data/local/tmp/pixel-overview-early/mmap_split_bench' 'mmap_populate_unmap' '2' '5000' '/data/local/tmp/pixel-overview-early/lmb_2MB.bin' 10 16 1
protected	mmap_split_full	mmap_populate_unmap-2MB-run-2	0	38000	0	38000	578000	1795000	38000	39000	'/data/local/tmp/pixel-overview-early/mmap_split_bench' 'mmap_populate_unmap' '2' '5000' '/data/local/tmp/pixel-overview-early/lmb_2MB.bin' 10 16 1
protected	mmap_split_full	mmap_write_touch_unmap-2MB-run-1	0	39000	5	36000	578000	1795000	38000	38000	'/data/local/tmp/pixel-overview-early/mmap_split_bench' 'mmap_write_touch_unmap' '2' '5000' '/data/local/tmp/pixel-overview-early/lmb_2MB.bin' 10 16 1
protected	mmap_split_full	mmap_write_touch_unmap-2MB-run-2	0	38000	0	38000	1549000	1795000	38000	39000	'/data/local/tmp/pixel-overview-early/mmap_split_bench' 'mmap_write_touch_unmap' '2' '5000' '/data/local/tmp/pixel-overview-early/lmb_2MB.bin' 10 16 1
protected	mmap_split_full	mmap_read_touch_unmap-2MB-run-1	0	37000	0	37000	1795000	1945000	39000	37000	'/data/local/tmp/pixel-overview-early/mmap_split_bench' 'mmap_read_touch_unmap' '2' '5000' '/data/local/tmp/pixel-overview-early/lmb_2MB.bin' 10 16 1
protected	mmap_split_full	mmap_read_touch_unmap-2MB-run-2	0	40000	10	36000	1795000	2130000	36000	39000	'/data/local/tmp/pixel-overview-early/mmap_split_bench' 'mmap_read_touch_unmap' '2' '5000' '/data/local/tmp/pixel-overview-early/lmb_2MB.bin' 10 16 1
protected	mmap_split_full	write_touch_cold-2MB-run-1	0	37000	0	37000	648000	1795000	39000	37000	'/data/local/tmp/pixel-overview-early/mmap_split_bench' 'write_touch_cold' '2' '5000' '/data/local/tmp/pixel-overview-early/lmb_2MB.bin' 10 16 1
protected	mmap_split_full	write_touch_cold-2MB-run-2	0	37000	0	37000	578000	1795000	39000	39000	'/data/local/tmp/pixel-overview-early/mmap_split_bench' 'write_touch_cold' '2' '5000' '/data/local/tmp/pixel-overview-early/lmb_2MB.bin' 10 16 1
protected	mmap_split_full	read_touch_cold-2MB-run-1	0	41000	5	37000	578000	1795000	36000	38000	'/data/local/tmp/pixel-overview-early/mmap_split_bench' 'read_touch_cold' '2' '5000' '/data/local/tmp/pixel-overview-early/lmb_2MB.bin' 10 16 1
protected	mmap_split_full	read_touch_cold-2MB-run-2	0	38000	0	38000	1549000	1795000	38000	38000	'/data/local/tmp/pixel-overview-early/mmap_split_bench' 'read_touch_cold' '2' '5000' '/data/local/tmp/pixel-overview-early/lmb_2MB.bin' 10 16 1
protected	mmap_split_full	write_touch_hot-2MB-run-1	0	39000	5	38000	578000	1795000	37000	37000	'/data/local/tmp/pixel-overview-early/mmap_split_bench' 'write_touch_hot' '2' '5000' '/data/local/tmp/pixel-overview-early/lmb_2MB.bin' 10 16 1
protected	mmap_split_full	write_touch_hot-2MB-run-2	0	36000	0	36000	357000	1795000	37000	37000	'/data/local/tmp/pixel-overview-early/mmap_split_bench' 'write_touch_hot' '2' '5000' '/data/local/tmp/pixel-overview-early/lmb_2MB.bin' 10 16 1
protected	mmap_split_full	read_touch_hot-2MB-run-1	0	38000	0	38000	578000	1945000	37000	38000	'/data/local/tmp/pixel-overview-early/mmap_split_bench' 'read_touch_hot' '2' '5000' '/data/local/tmp/pixel-overview-early/lmb_2MB.bin' 10 16 1
protected	mmap_split_full	read_touch_hot-2MB-run-2	0	37000	0	37000	1795000	578000	38000	37000	'/data/local/tmp/pixel-overview-early/mmap_split_bench' 'read_touch_hot' '2' '5000' '/data/local/tmp/pixel-overview-early/lmb_2MB.bin' 10 16 1
protected	mmap_split_full	munmap_after_no_touch-2MB-run-1	0	37000	0	37000	578000	578000	38000	39000	'/data/local/tmp/pixel-overview-early/mmap_split_bench' 'munmap_after_no_touch' '2' '5000' '/data/local/tmp/pixel-overview-early/lmb_2MB.bin' 10 16 1
protected	mmap_split_full	munmap_after_no_touch-2MB-run-2	0	38000	0	38000	578000	1418000	39000	39000	'/data/local/tmp/pixel-overview-early/mmap_split_bench' 'munmap_after_no_touch' '2' '5000' '/data/local/tmp/pixel-overview-early/lmb_2MB.bin' 10 16 1
protected	mmap_split_full	munmap_after_write_touch-2MB-run-1	0	38000	0	38000	648000	1795000	38000	38000	'/data/local/tmp/pixel-overview-early/mmap_split_bench' 'munmap_after_write_touch' '2' '5000' '/data/local/tmp/pixel-overview-early/lmb_2MB.bin' 10 16 1
protected	mmap_split_full	munmap_after_write_touch-2MB-run-2	0	39000	10	37000	578000	1795000	37000	38000	'/data/local/tmp/pixel-overview-early/mmap_split_bench' 'munmap_after_write_touch' '2' '5000' '/data/local/tmp/pixel-overview-early/lmb_2MB.bin' 10 16 1
protected	mmap_split_full	munmap_after_read_touch-2MB-run-1	0	38000	0	38000	578000	1795000	37000	38000	'/data/local/tmp/pixel-overview-early/mmap_split_bench' 'munmap_after_read_touch' '2' '5000' '/data/local/tmp/pixel-overview-early/lmb_2MB.bin' 10 16 1
protected	mmap_split_full	munmap_after_read_touch-2MB-run-2	0	37000	0	37000	578000	1945000	38000	37000	'/data/local/tmp/pixel-overview-early/mmap_split_bench' 'munmap_after_read_touch' '2' '5000' '/data/local/tmp/pixel-overview-early/lmb_2MB.bin' 10 16 1
protected	mmap_split_full	openclose-4MB-run-1	0	39000	5	37000	1418000	578000	40000	38000	'/data/local/tmp/pixel-overview-early/mmap_split_bench' 'openclose' '4' '3000' '/data/local/tmp/pixel-overview-early/lmb_4MB.bin' 10 16 1
protected	mmap_split_full	openclose-4MB-run-2	0	39000	10	37000	578000	648000	37000	37000	'/data/local/tmp/pixel-overview-early/mmap_split_bench' 'openclose' '4' '3000' '/data/local/tmp/pixel-overview-early/lmb_4MB.bin' 10 16 1
protected	mmap_split_full	mmap_unmap-4MB-run-1	0	36000	0	36000	910000	787000	37000	37000	'/data/local/tmp/pixel-overview-early/mmap_split_bench' 'mmap_unmap' '4' '3000' '/data/local/tmp/pixel-overview-early/lmb_4MB.bin' 10 16 1
protected	mmap_split_full	mmap_unmap-4MB-run-2	0	39000	5	38000	578000	1945000	37000	37000	'/data/local/tmp/pixel-overview-early/mmap_split_bench' 'mmap_unmap' '4' '3000' '/data/local/tmp/pixel-overview-early/lmb_4MB.bin' 10 16 1
protected	mmap_split_full	mmap_populate_unmap-4MB-run-1	0	37000	0	37000	1549000	1945000	37000	40000	'/data/local/tmp/pixel-overview-early/mmap_split_bench' 'mmap_populate_unmap' '4' '3000' '/data/local/tmp/pixel-overview-early/lmb_4MB.bin' 10 16 1
protected	mmap_split_full	mmap_populate_unmap-4MB-run-2	0	38000	0	38000	1065000	1945000	38000	41000	'/data/local/tmp/pixel-overview-early/mmap_split_bench' 'mmap_populate_unmap' '4' '3000' '/data/local/tmp/pixel-overview-early/lmb_4MB.bin' 10 16 1
protected	mmap_split_full	mmap_write_touch_unmap-4MB-run-1	0	39000	5	38000	1418000	1795000	37000	40000	'/data/local/tmp/pixel-overview-early/mmap_split_bench' 'mmap_write_touch_unmap' '4' '3000' '/data/local/tmp/pixel-overview-early/lmb_4MB.bin' 10 16 1
protected	mmap_split_full	mmap_write_touch_unmap-4MB-run-2	0	39000	5	36000	648000	1795000	38000	38000	'/data/local/tmp/pixel-overview-early/mmap_split_bench' 'mmap_write_touch_unmap' '4' '3000' '/data/local/tmp/pixel-overview-early/lmb_4MB.bin' 10 16 1
protected	mmap_split_full	mmap_read_touch_unmap-4MB-run-1	0	39000	10	36000	1795000	1418000	36000	38000	'/data/local/tmp/pixel-overview-early/mmap_split_bench' 'mmap_read_touch_unmap' '4' '3000' '/data/local/tmp/pixel-overview-early/lmb_4MB.bin' 10 16 1
protected	mmap_split_full	mmap_read_touch_unmap-4MB-run-2	0	37000	0	37000	578000	1795000	37000	39000	'/data/local/tmp/pixel-overview-early/mmap_split_bench' 'mmap_read_touch_unmap' '4' '3000' '/data/local/tmp/pixel-overview-early/lmb_4MB.bin' 10 16 1
protected	mmap_split_full	write_touch_cold-4MB-run-1	0	38000	0	38000	578000	787000	37000	39000	'/data/local/tmp/pixel-overview-early/mmap_split_bench' 'write_touch_cold' '4' '3000' '/data/local/tmp/pixel-overview-early/lmb_4MB.bin' 10 16 1
protected	mmap_split_full	write_touch_cold-4MB-run-2	0	37000	0	37000	578000	1795000	39000	38000	'/data/local/tmp/pixel-overview-early/mmap_split_bench' 'write_touch_cold' '4' '3000' '/data/local/tmp/pixel-overview-early/lmb_4MB.bin' 10 16 1
protected	mmap_split_full	read_touch_cold-4MB-run-1	0	38000	0	38000	578000	1795000	38000	38000	'/data/local/tmp/pixel-overview-early/mmap_split_bench' 'read_touch_cold' '4' '3000' '/data/local/tmp/pixel-overview-early/lmb_4MB.bin' 10 16 1
protected	mmap_split_full	read_touch_cold-4MB-run-2	0	37000	0	37000	1795000	2130000	40000	40000	'/data/local/tmp/pixel-overview-early/mmap_split_bench' 'read_touch_cold' '4' '3000' '/data/local/tmp/pixel-overview-early/lmb_4MB.bin' 10 16 1
protected	mmap_split_full	write_touch_hot-4MB-run-1	0	41000	5	38000	2130000	357000	39000	39000	'/data/local/tmp/pixel-overview-early/mmap_split_bench' 'write_touch_hot' '4' '3000' '/data/local/tmp/pixel-overview-early/lmb_4MB.bin' 10 16 1
protected	mmap_split_full	write_touch_hot-4MB-run-2	0	37000	0	37000	578000	910000	37000	37000	'/data/local/tmp/pixel-overview-early/mmap_split_bench' 'write_touch_hot' '4' '3000' '/data/local/tmp/pixel-overview-early/lmb_4MB.bin' 10 16 1
protected	mmap_split_full	read_touch_hot-4MB-run-1	0	38000	0	38000	2367000	2130000	39000	39000	'/data/local/tmp/pixel-overview-early/mmap_split_bench' 'read_touch_hot' '4' '3000' '/data/local/tmp/pixel-overview-early/lmb_4MB.bin' 10 16 1
protected	mmap_split_full	read_touch_hot-4MB-run-2	0	39000	5	37000	578000	648000	37000	37000	'/data/local/tmp/pixel-overview-early/mmap_split_bench' 'read_touch_hot' '4' '3000' '/data/local/tmp/pixel-overview-early/lmb_4MB.bin' 10 16 1
protected	mmap_split_full	munmap_after_no_touch-4MB-run-1	0	39000	5	36000	648000	1945000	36000	38000	'/data/local/tmp/pixel-overview-early/mmap_split_bench' 'munmap_after_no_touch' '4' '3000' '/data/local/tmp/pixel-overview-early/lmb_4MB.bin' 10 16 1
protected	mmap_split_full	munmap_after_no_touch-4MB-run-2	0	39000	10	38000	1795000	1549000	37000	37000	'/data/local/tmp/pixel-overview-early/mmap_split_bench' 'munmap_after_no_touch' '4' '3000' '/data/local/tmp/pixel-overview-early/lmb_4MB.bin' 10 16 1
protected	mmap_split_full	munmap_after_write_touch-4MB-run-1	0	39000	5	38000	648000	1795000	37000	38000	'/data/local/tmp/pixel-overview-early/mmap_split_bench' 'munmap_after_write_touch' '4' '3000' '/data/local/tmp/pixel-overview-early/lmb_4MB.bin' 10 16 1
protected	mmap_split_full	munmap_after_write_touch-4MB-run-2	0	38000	0	38000	357000	1418000	38000	40000	'/data/local/tmp/pixel-overview-early/mmap_split_bench' 'munmap_after_write_touch' '4' '3000' '/data/local/tmp/pixel-overview-early/lmb_4MB.bin' 10 16 1
protected	mmap_split_full	munmap_after_read_touch-4MB-run-1	0	40000	10	36000	578000	1549000	37000	39000	'/data/local/tmp/pixel-overview-early/mmap_split_bench' 'munmap_after_read_touch' '4' '3000' '/data/local/tmp/pixel-overview-early/lmb_4MB.bin' 10 16 1
protected	mmap_split_full	munmap_after_read_touch-4MB-run-2	0	37000	0	37000	648000	1795000	37000	39000	'/data/local/tmp/pixel-overview-early/mmap_split_bench' 'munmap_after_read_touch' '4' '3000' '/data/local/tmp/pixel-overview-early/lmb_4MB.bin' 10 16 1
protected	mmap_split_full	openclose-8MB-run-1	0	39000	5	37000	1065000	578000	37000	38000	'/data/local/tmp/pixel-overview-early/mmap_split_bench' 'openclose' '8' '2000' '/data/local/tmp/pixel-overview-early/lmb_8MB.bin' 10 16 1
protected	mmap_split_full	openclose-8MB-run-2	0	37000	0	37000	1945000	648000	37000	39000	'/data/local/tmp/pixel-overview-early/mmap_split_bench' 'openclose' '8' '2000' '/data/local/tmp/pixel-overview-early/lmb_8MB.bin' 10 16 1
protected	mmap_split_full	mmap_unmap-8MB-run-1	0	39000	15	37000	578000	1418000	37000	37000	'/data/local/tmp/pixel-overview-early/mmap_split_bench' 'mmap_unmap' '8' '2000' '/data/local/tmp/pixel-overview-early/lmb_8MB.bin' 10 16 1
protected	mmap_split_full	mmap_unmap-8MB-run-2	0	40000	5	37000	357000	578000	38000	37000	'/data/local/tmp/pixel-overview-early/mmap_split_bench' 'mmap_unmap' '8' '2000' '/data/local/tmp/pixel-overview-early/lmb_8MB.bin' 10 16 1
protected	mmap_split_full	mmap_populate_unmap-8MB-run-1	0	39000	5	36000	1065000	1795000	37000	39000	'/data/local/tmp/pixel-overview-early/mmap_split_bench' 'mmap_populate_unmap' '8' '2000' '/data/local/tmp/pixel-overview-early/lmb_8MB.bin' 10 16 1
protected	mmap_split_full	mmap_populate_unmap-8MB-run-2	0	39000	5	37000	1795000	1945000	37000	40000	'/data/local/tmp/pixel-overview-early/mmap_split_bench' 'mmap_populate_unmap' '8' '2000' '/data/local/tmp/pixel-overview-early/lmb_8MB.bin' 10 16 1
protected	mmap_split_full	mmap_write_touch_unmap-8MB-run-1	0	39000	10	38000	1065000	1945000	37000	40000	'/data/local/tmp/pixel-overview-early/mmap_split_bench' 'mmap_write_touch_unmap' '8' '2000' '/data/local/tmp/pixel-overview-early/lmb_8MB.bin' 10 16 1
protected	mmap_split_full	mmap_write_touch_unmap-8MB-run-2	0	37000	0	37000	578000	1795000	38000	38000	'/data/local/tmp/pixel-overview-early/mmap_split_bench' 'mmap_write_touch_unmap' '8' '2000' '/data/local/tmp/pixel-overview-early/lmb_8MB.bin' 10 16 1
protected	mmap_split_full	mmap_read_touch_unmap-8MB-run-1	0	39000	10	37000	578000	1221000	38000	38000	'/data/local/tmp/pixel-overview-early/mmap_split_bench' 'mmap_read_touch_unmap' '8' '2000' '/data/local/tmp/pixel-overview-early/lmb_8MB.bin' 10 16 1
protected	mmap_split_full	mmap_read_touch_unmap-8MB-run-2	0	37000	0	37000	1549000	1418000	38000	38000	'/data/local/tmp/pixel-overview-early/mmap_split_bench' 'mmap_read_touch_unmap' '8' '2000' '/data/local/tmp/pixel-overview-early/lmb_8MB.bin' 10 16 1
protected	mmap_split_full	write_touch_cold-8MB-run-1	0	37000	0	37000	648000	1795000	38000	39000	'/data/local/tmp/pixel-overview-early/mmap_split_bench' 'write_touch_cold' '8' '2000' '/data/local/tmp/pixel-overview-early/lmb_8MB.bin' 10 16 1
protected	mmap_split_full	write_touch_cold-8MB-run-2	0	40000	5	37000	578000	1795000	39000	38000	'/data/local/tmp/pixel-overview-early/mmap_split_bench' 'write_touch_cold' '8' '2000' '/data/local/tmp/pixel-overview-early/lmb_8MB.bin' 10 16 1
protected	mmap_split_full	read_touch_cold-8MB-run-1	0	37000	0	37000	1418000	2130000	39000	41000	'/data/local/tmp/pixel-overview-early/mmap_split_bench' 'read_touch_cold' '8' '2000' '/data/local/tmp/pixel-overview-early/lmb_8MB.bin' 10 16 1
protected	mmap_split_full	read_touch_cold-8MB-run-2	0	40000	10	38000	578000	1549000	37000	37000	'/data/local/tmp/pixel-overview-early/mmap_split_bench' 'read_touch_cold' '8' '2000' '/data/local/tmp/pixel-overview-early/lmb_8MB.bin' 10 16 1
protected	mmap_split_full	write_touch_hot-8MB-run-1	0	37000	0	37000	1795000	578000	37000	38000	'/data/local/tmp/pixel-overview-early/mmap_split_bench' 'write_touch_hot' '8' '2000' '/data/local/tmp/pixel-overview-early/lmb_8MB.bin' 10 16 1
protected	mmap_split_full	write_touch_hot-8MB-run-2	0	42000	5	38000	578000	1795000	38000	39000	'/data/local/tmp/pixel-overview-early/mmap_split_bench' 'write_touch_hot' '8' '2000' '/data/local/tmp/pixel-overview-early/lmb_8MB.bin' 10 16 1
protected	mmap_split_full	read_touch_hot-8MB-run-1	0	37000	0	37000	578000	578000	38000	38000	'/data/local/tmp/pixel-overview-early/mmap_split_bench' 'read_touch_hot' '8' '2000' '/data/local/tmp/pixel-overview-early/lmb_8MB.bin' 10 16 1
protected	mmap_split_full	read_touch_hot-8MB-run-2	0	38000	0	38000	1795000	1795000	38000	41000	'/data/local/tmp/pixel-overview-early/mmap_split_bench' 'read_touch_hot' '8' '2000' '/data/local/tmp/pixel-overview-early/lmb_8MB.bin' 10 16 1
protected	mmap_split_full	munmap_after_no_touch-8MB-run-1	0	38000	0	38000	648000	1945000	39000	39000	'/data/local/tmp/pixel-overview-early/mmap_split_bench' 'munmap_after_no_touch' '8' '2000' '/data/local/tmp/pixel-overview-early/lmb_8MB.bin' 10 16 1
protected	mmap_split_full	munmap_after_no_touch-8MB-run-2	0	39000	5	38000	578000	578000	37000	39000	'/data/local/tmp/pixel-overview-early/mmap_split_bench' 'munmap_after_no_touch' '8' '2000' '/data/local/tmp/pixel-overview-early/lmb_8MB.bin' 10 16 1
protected	mmap_split_full	munmap_after_write_touch-8MB-run-1	0	39000	5	38000	910000	2130000	37000	39000	'/data/local/tmp/pixel-overview-early/mmap_split_bench' 'munmap_after_write_touch' '8' '2000' '/data/local/tmp/pixel-overview-early/lmb_8MB.bin' 10 16 1
protected	mmap_split_full	munmap_after_write_touch-8MB-run-2	0	41000	5	37000	1945000	1795000	37000	41000	'/data/local/tmp/pixel-overview-early/mmap_split_bench' 'munmap_after_write_touch' '8' '2000' '/data/local/tmp/pixel-overview-early/lmb_8MB.bin' 10 16 1
protected	mmap_split_full	munmap_after_read_touch-8MB-run-1	0	40000	5	37000	578000	1795000	37000	38000	'/data/local/tmp/pixel-overview-early/mmap_split_bench' 'munmap_after_read_touch' '8' '2000' '/data/local/tmp/pixel-overview-early/lmb_8MB.bin' 10 16 1
protected	mmap_split_full	munmap_after_read_touch-8MB-run-2	0	38000	0	38000	1945000	1795000	40000	39000	'/data/local/tmp/pixel-overview-early/mmap_split_bench' 'munmap_after_read_touch' '8' '2000' '/data/local/tmp/pixel-overview-early/lmb_8MB.bin' 10 16 1
protected	mmap_split_full	openclose-16MB-run-1	0	40000	5	37000	1418000	1945000	37000	37000	'/data/local/tmp/pixel-overview-early/mmap_split_bench' 'openclose' '16' '1000' '/data/local/tmp/pixel-overview-early/lmb_16MB.bin' 10 16 1
protected	mmap_split_full	openclose-16MB-run-2	0	37000	0	37000	578000	1065000	39000	37000	'/data/local/tmp/pixel-overview-early/mmap_split_bench' 'openclose' '16' '1000' '/data/local/tmp/pixel-overview-early/lmb_16MB.bin' 10 16 1
protected	mmap_split_full	mmap_unmap-16MB-run-1	0	39000	5	37000	578000	578000	37000	37000	'/data/local/tmp/pixel-overview-early/mmap_split_bench' 'mmap_unmap' '16' '1000' '/data/local/tmp/pixel-overview-early/lmb_16MB.bin' 10 16 1
protected	mmap_split_full	mmap_unmap-16MB-run-2	0	37000	0	37000	648000	578000	39000	38000	'/data/local/tmp/pixel-overview-early/mmap_split_bench' 'mmap_unmap' '16' '1000' '/data/local/tmp/pixel-overview-early/lmb_16MB.bin' 10 16 1
protected	mmap_split_full	mmap_populate_unmap-16MB-run-1	0	38000	0	38000	578000	1945000	39000	40000	'/data/local/tmp/pixel-overview-early/mmap_split_bench' 'mmap_populate_unmap' '16' '1000' '/data/local/tmp/pixel-overview-early/lmb_16MB.bin' 10 16 1
protected	mmap_split_full	mmap_populate_unmap-16MB-run-2	0	38000	0	38000	1418000	1549000	39000	41000	'/data/local/tmp/pixel-overview-early/mmap_split_bench' 'mmap_populate_unmap' '16' '1000' '/data/local/tmp/pixel-overview-early/lmb_16MB.bin' 10 16 1
protected	mmap_split_full	mmap_write_touch_unmap-16MB-run-1	0	40000	15	37000	578000	1945000	37000	38000	'/data/local/tmp/pixel-overview-early/mmap_split_bench' 'mmap_write_touch_unmap' '16' '1000' '/data/local/tmp/pixel-overview-early/lmb_16MB.bin' 10 16 1
protected	mmap_split_full	mmap_write_touch_unmap-16MB-run-2	0	37000	0	37000	1945000	1549000	37000	40000	'/data/local/tmp/pixel-overview-early/mmap_split_bench' 'mmap_write_touch_unmap' '16' '1000' '/data/local/tmp/pixel-overview-early/lmb_16MB.bin' 10 16 1
protected	mmap_split_full	mmap_read_touch_unmap-16MB-run-1	0	39000	5	38000	1065000	1549000	38000	39000	'/data/local/tmp/pixel-overview-early/mmap_split_bench' 'mmap_read_touch_unmap' '16' '1000' '/data/local/tmp/pixel-overview-early/lmb_16MB.bin' 10 16 1
protected	mmap_split_full	mmap_read_touch_unmap-16MB-run-2	0	39000	5	37000	1328000	1945000	37000	38000	'/data/local/tmp/pixel-overview-early/mmap_split_bench' 'mmap_read_touch_unmap' '16' '1000' '/data/local/tmp/pixel-overview-early/lmb_16MB.bin' 10 16 1
protected	mmap_split_full	write_touch_cold-16MB-run-1	0	37000	0	37000	357000	578000	38000	38000	'/data/local/tmp/pixel-overview-early/mmap_split_bench' 'write_touch_cold' '16' '1000' '/data/local/tmp/pixel-overview-early/lmb_16MB.bin' 10 16 1
protected	mmap_split_full	write_touch_cold-16MB-run-2	0	39000	10	37000	1945000	1795000	37000	38000	'/data/local/tmp/pixel-overview-early/mmap_split_bench' 'write_touch_cold' '16' '1000' '/data/local/tmp/pixel-overview-early/lmb_16MB.bin' 10 16 1
protected	mmap_split_full	read_touch_cold-16MB-run-1	0	37000	0	37000	2130000	1418000	38000	39000	'/data/local/tmp/pixel-overview-early/mmap_split_bench' 'read_touch_cold' '16' '1000' '/data/local/tmp/pixel-overview-early/lmb_16MB.bin' 10 16 1
protected	mmap_split_full	read_touch_cold-16MB-run-2	0	38000	0	38000	648000	1549000	38000	39000	'/data/local/tmp/pixel-overview-early/mmap_split_bench' 'read_touch_cold' '16' '1000' '/data/local/tmp/pixel-overview-early/lmb_16MB.bin' 10 16 1
protected	mmap_split_full	write_touch_hot-16MB-run-1	0	41000	10	37000	910000	578000	37000	39000	'/data/local/tmp/pixel-overview-early/mmap_split_bench' 'write_touch_hot' '16' '1000' '/data/local/tmp/pixel-overview-early/lmb_16MB.bin' 10 16 1
protected	mmap_split_full	write_touch_hot-16MB-run-2	0	37000	0	37000	578000	1795000	40000	38000	'/data/local/tmp/pixel-overview-early/mmap_split_bench' 'write_touch_hot' '16' '1000' '/data/local/tmp/pixel-overview-early/lmb_16MB.bin' 10 16 1
protected	mmap_split_full	read_touch_hot-16MB-run-1	0	38000	0	38000	1065000	578000	38000	37000	'/data/local/tmp/pixel-overview-early/mmap_split_bench' 'read_touch_hot' '16' '1000' '/data/local/tmp/pixel-overview-early/lmb_16MB.bin' 10 16 1
protected	mmap_split_full	read_touch_hot-16MB-run-2	0	37000	0	37000	578000	1945000	38000	38000	'/data/local/tmp/pixel-overview-early/mmap_split_bench' 'read_touch_hot' '16' '1000' '/data/local/tmp/pixel-overview-early/lmb_16MB.bin' 10 16 1
protected	mmap_split_full	munmap_after_no_touch-16MB-run-1	0	38000	0	38000	1418000	1418000	38000	38000	'/data/local/tmp/pixel-overview-early/mmap_split_bench' 'munmap_after_no_touch' '16' '1000' '/data/local/tmp/pixel-overview-early/lmb_16MB.bin' 10 16 1
protected	mmap_split_full	munmap_after_no_touch-16MB-run-2	0	40000	5	37000	648000	578000	39000	39000	'/data/local/tmp/pixel-overview-early/mmap_split_bench' 'munmap_after_no_touch' '16' '1000' '/data/local/tmp/pixel-overview-early/lmb_16MB.bin' 10 16 1
protected	mmap_split_full	munmap_after_write_touch-16MB-run-1	0	39000	5	38000	578000	1549000	40000	38000	'/data/local/tmp/pixel-overview-early/mmap_split_bench' 'munmap_after_write_touch' '16' '1000' '/data/local/tmp/pixel-overview-early/lmb_16MB.bin' 10 16 1
protected	mmap_split_full	munmap_after_write_touch-16MB-run-2	0	37000	0	37000	578000	1945000	38000	39000	'/data/local/tmp/pixel-overview-early/mmap_split_bench' 'munmap_after_write_touch' '16' '1000' '/data/local/tmp/pixel-overview-early/lmb_16MB.bin' 10 16 1
protected	mmap_split_full	munmap_after_read_touch-16MB-run-1	0	40000	10	38000	1328000	1945000	37000	37000	'/data/local/tmp/pixel-overview-early/mmap_split_bench' 'munmap_after_read_touch' '16' '1000' '/data/local/tmp/pixel-overview-early/lmb_16MB.bin' 10 16 1
protected	mmap_split_full	munmap_after_read_touch-16MB-run-2	0	40000	5	37000	578000	1418000	37000	39000	'/data/local/tmp/pixel-overview-early/mmap_split_bench' 'munmap_after_read_touch' '16' '1000' '/data/local/tmp/pixel-overview-early/lmb_16MB.bin' 10 16 1
protected	mmap_split_full	openclose-64MB-run-1	0	38000	0	38000	648000	1945000	37000	38000	'/data/local/tmp/pixel-overview-early/mmap_split_bench' 'openclose' '64' '300' '/data/local/tmp/pixel-overview-early/lmb_64MB.bin' 10 16 1
protected	mmap_split_full	openclose-64MB-run-2	0	39000	5	36000	787000	578000	38000	38000	'/data/local/tmp/pixel-overview-early/mmap_split_bench' 'openclose' '64' '300' '/data/local/tmp/pixel-overview-early/lmb_64MB.bin' 10 16 1
protected	mmap_split_full	mmap_unmap-64MB-run-1	0	37000	0	37000	578000	578000	37000	38000	'/data/local/tmp/pixel-overview-early/mmap_split_bench' 'mmap_unmap' '64' '300' '/data/local/tmp/pixel-overview-early/lmb_64MB.bin' 10 16 1
protected	mmap_split_full	mmap_unmap-64MB-run-2	0	40000	5	36000	578000	2450000	37000	38000	'/data/local/tmp/pixel-overview-early/mmap_split_bench' 'mmap_unmap' '64' '300' '/data/local/tmp/pixel-overview-early/lmb_64MB.bin' 10 16 1
protected	mmap_split_full	mmap_populate_unmap-64MB-run-1	0	42000	5	37000	578000	2130000	37000	43000	'/data/local/tmp/pixel-overview-early/mmap_split_bench' 'mmap_populate_unmap' '64' '300' '/data/local/tmp/pixel-overview-early/lmb_64MB.bin' 10 16 1
protected	mmap_split_full	mmap_populate_unmap-64MB-run-2	0	40000	5	37000	578000	1795000	37000	40000	'/data/local/tmp/pixel-overview-early/mmap_split_bench' 'mmap_populate_unmap' '64' '300' '/data/local/tmp/pixel-overview-early/lmb_64MB.bin' 10 16 1
protected	mmap_split_full	mmap_write_touch_unmap-64MB-run-1	0	39000	5	37000	648000	1221000	39000	39000	'/data/local/tmp/pixel-overview-early/mmap_split_bench' 'mmap_write_touch_unmap' '64' '300' '/data/local/tmp/pixel-overview-early/lmb_64MB.bin' 10 16 1
protected	mmap_split_full	mmap_write_touch_unmap-64MB-run-2	0	38000	0	38000	357000	1795000	38000	39000	'/data/local/tmp/pixel-overview-early/mmap_split_bench' 'mmap_write_touch_unmap' '64' '300' '/data/local/tmp/pixel-overview-early/lmb_64MB.bin' 10 16 1
protected	mmap_split_full	mmap_read_touch_unmap-64MB-run-1	0	38000	0	38000	578000	910000	39000	39000	'/data/local/tmp/pixel-overview-early/mmap_split_bench' 'mmap_read_touch_unmap' '64' '300' '/data/local/tmp/pixel-overview-early/lmb_64MB.bin' 10 16 1
protected	mmap_split_full	mmap_read_touch_unmap-64MB-run-2	0	40000	5	37000	1795000	787000	38000	40000	'/data/local/tmp/pixel-overview-early/mmap_split_bench' 'mmap_read_touch_unmap' '64' '300' '/data/local/tmp/pixel-overview-early/lmb_64MB.bin' 10 16 1
protected	mmap_split_full	write_touch_cold-64MB-run-1	0	39000	15	37000	578000	1549000	37000	38000	'/data/local/tmp/pixel-overview-early/mmap_split_bench' 'write_touch_cold' '64' '300' '/data/local/tmp/pixel-overview-early/lmb_64MB.bin' 10 16 1
protected	mmap_split_full	write_touch_cold-64MB-run-2	0	37000	0	37000	578000	648000	37000	38000	'/data/local/tmp/pixel-overview-early/mmap_split_bench' 'write_touch_cold' '64' '300' '/data/local/tmp/pixel-overview-early/lmb_64MB.bin' 10 16 1
protected	mmap_split_full	read_touch_cold-64MB-run-1	0	38000	0	38000	578000	1549000	37000	38000	'/data/local/tmp/pixel-overview-early/mmap_split_bench' 'read_touch_cold' '64' '300' '/data/local/tmp/pixel-overview-early/lmb_64MB.bin' 10 16 1
protected	mmap_split_full	read_touch_cold-64MB-run-2	0	39000	5	37000	648000	1795000	38000	38000	'/data/local/tmp/pixel-overview-early/mmap_split_bench' 'read_touch_cold' '64' '300' '/data/local/tmp/pixel-overview-early/lmb_64MB.bin' 10 16 1
protected	mmap_split_full	write_touch_hot-64MB-run-1	0	39000	5	37000	648000	1795000	39000	39000	'/data/local/tmp/pixel-overview-early/mmap_split_bench' 'write_touch_hot' '64' '300' '/data/local/tmp/pixel-overview-early/lmb_64MB.bin' 10 16 1
protected	mmap_split_full	write_touch_hot-64MB-run-2	0	40000	5	38000	1795000	578000	39000	39000	'/data/local/tmp/pixel-overview-early/mmap_split_bench' 'write_touch_hot' '64' '300' '/data/local/tmp/pixel-overview-early/lmb_64MB.bin' 10 16 1
protected	mmap_split_full	read_touch_hot-64MB-run-1	0	38000	0	38000	578000	787000	39000	39000	'/data/local/tmp/pixel-overview-early/mmap_split_bench' 'read_touch_hot' '64' '300' '/data/local/tmp/pixel-overview-early/lmb_64MB.bin' 10 16 1
protected	mmap_split_full	read_touch_hot-64MB-run-2	0	38000	0	38000	578000	578000	37000	40000	'/data/local/tmp/pixel-overview-early/mmap_split_bench' 'read_touch_hot' '64' '300' '/data/local/tmp/pixel-overview-early/lmb_64MB.bin' 10 16 1
protected	mmap_split_full	munmap_after_no_touch-64MB-run-1	0	42000	5	38000	1065000	578000	37000	38000	'/data/local/tmp/pixel-overview-early/mmap_split_bench' 'munmap_after_no_touch' '64' '300' '/data/local/tmp/pixel-overview-early/lmb_64MB.bin' 10 16 1
protected	mmap_split_full	munmap_after_no_touch-64MB-run-2	0	38000	0	38000	1795000	1795000	40000	40000	'/data/local/tmp/pixel-overview-early/mmap_split_bench' 'munmap_after_no_touch' '64' '300' '/data/local/tmp/pixel-overview-early/lmb_64MB.bin' 10 16 1
protected	mmap_split_full	munmap_after_write_touch-64MB-run-1	0	45000	5	38000	1945000	1795000	37000	40000	'/data/local/tmp/pixel-overview-early/mmap_split_bench' 'munmap_after_write_touch' '64' '300' '/data/local/tmp/pixel-overview-early/lmb_64MB.bin' 10 16 1
protected	mmap_split_full	munmap_after_write_touch-64MB-run-2	0	38000	0	38000	1795000	910000	44000	45000	'/data/local/tmp/pixel-overview-early/mmap_split_bench' 'munmap_after_write_touch' '64' '300' '/data/local/tmp/pixel-overview-early/lmb_64MB.bin' 10 16 1
protected	mmap_split_full	munmap_after_read_touch-64MB-run-1	0	45000	20	38000	578000	1795000	40000	39000	'/data/local/tmp/pixel-overview-early/mmap_split_bench' 'munmap_after_read_touch' '64' '300' '/data/local/tmp/pixel-overview-early/lmb_64MB.bin' 10 16 1
protected	mmap_split_full	munmap_after_read_touch-64MB-run-2	0	39000	15	38000	578000	1945000	38000	40000	'/data/local/tmp/pixel-overview-early/mmap_split_bench' 'munmap_after_read_touch' '64' '300' '/data/local/tmp/pixel-overview-early/lmb_64MB.bin' 10 16 1
protected	lat_mem_rd	64MB-stride128-run-1	0	39000	10	38000	1418000	578000	38000	48000	'/data/local/tmp/pixel-overview-early/lat_mem_rd' -P 1 -W 1 -N 3 64 128
protected	lat_mem_rd	64MB-stride128-run-2	0	46000	25	38000	648000	1549000	40000	49000	'/data/local/tmp/pixel-overview-early/lat_mem_rd' -P 1 -W 1 -N 3 64 128
protected	bw_mem	rd-64m-run-1	0	46000	40	37000	578000	578000	40000	39000	'/data/local/tmp/pixel-overview-early/bw_mem' -P 1 -W 1 -N 3 64m 'rd'
protected	bw_mem	rd-64m-run-2	0	38000	0	38000	578000	578000	38000	40000	'/data/local/tmp/pixel-overview-early/bw_mem' -P 1 -W 1 -N 3 64m 'rd'
protected	bw_mem	wr-64m-run-1	0	40000	10	37000	648000	1945000	38000	40000	'/data/local/tmp/pixel-overview-early/bw_mem' -P 1 -W 1 -N 3 64m 'wr'
protected	bw_mem	wr-64m-run-2	0	38000	0	38000	578000	2450000	38000	42000	'/data/local/tmp/pixel-overview-early/bw_mem' -P 1 -W 1 -N 3 64m 'wr'
protected	bw_mem	rdwr-64m-run-1	0	43000	10	38000	1795000	1549000	38000	39000	'/data/local/tmp/pixel-overview-early/bw_mem' -P 1 -W 1 -N 3 64m 'rdwr'
protected	bw_mem	rdwr-64m-run-2	0	37000	0	37000	578000	2600000	40000	42000	'/data/local/tmp/pixel-overview-early/bw_mem' -P 1 -W 1 -N 3 64m 'rdwr'
protected	bw_mmap_rd	mmap_only-64m-run-1	0	38000	0	38000	578000	1795000	40000	39000	'/data/local/tmp/pixel-overview-early/bw_mmap_rd' -P 1 -W 1 -N 3 64m mmap_only '/data/local/tmp/pixel-overview-early/lmb_64MB.bin'
protected	bw_mmap_rd	open2close-64m-run-1	0	40000	5	37000	910000	578000	40000	39000	'/data/local/tmp/pixel-overview-early/bw_mmap_rd' -P 1 -W 1 -N 3 64m open2close '/data/local/tmp/pixel-overview-early/lmb_64MB.bin'
protected	bw_mmap_rd	mmap_only-64m-run-2	0	40000	5	38000	578000	578000	38000	40000	'/data/local/tmp/pixel-overview-early/bw_mmap_rd' -P 1 -W 1 -N 3 64m mmap_only '/data/local/tmp/pixel-overview-early/lmb_64MB.bin'
protected	bw_mmap_rd	open2close-64m-run-2	0	38000	0	38000	648000	1795000	38000	39000	'/data/local/tmp/pixel-overview-early/bw_mmap_rd' -P 1 -W 1 -N 3 64m open2close '/data/local/tmp/pixel-overview-early/lmb_64MB.bin'
