env,run,bench_mode,size_mb,iters,warmups,timed,touch_divisor,stride_kb,touch_bytes,touches_per_iter,total_ns,per_iter_ns,per_iter_us,per_touch_ns,sink
protected,1,openclose,0.5,10000,1,openclose,10,16,52428,4,54036825,5403.682,5.403682,0.000,0
protected,2,openclose,0.5,10000,1,openclose,10,16,52428,4,57774048,5777.405,5.777405,0.000,0
protected,3,openclose,0.5,10000,1,openclose,10,16,52428,4,56246745,5624.675,5.624675,0.000,0
protected,1,mmap_unmap,0.5,10000,1,mmap_unmap,10,16,52428,4,33754354,3375.435,3.375435,0.000,0
protected,2,mmap_unmap,0.5,10000,1,mmap_unmap,10,16,52428,4,50793050,5079.305,5.079305,0.000,0
protected,3,mmap_unmap,0.5,10000,1,mmap_unmap,10,16,52428,4,54988485,5498.849,5.498849,0.000,0
protected,1,mmap_populate_unmap,0.5,10000,1,mmap_populate_unmap,10,16,52428,4,253850342,25385.034,25.385034,0.000,0
protected,2,mmap_populate_unmap,0.5,10000,1,mmap_populate_unmap,10,16,52428,4,283925090,28392.509,28.392509,0.000,0
protected,3,mmap_populate_unmap,0.5,10000,1,mmap_populate_unmap,10,16,52428,4,277640381,27764.038,27.764038,0.000,0
protected,1,mmap_write_touch_unmap,0.5,10000,1,mmap_write_touch_unmap,10,16,52428,4,90535075,9053.507,9.053508,2263.377,0
protected,2,mmap_write_touch_unmap,0.5,10000,1,mmap_write_touch_unmap,10,16,52428,4,89534668,8953.467,8.953467,2238.367,0
protected,3,mmap_write_touch_unmap,0.5,10000,1,mmap_write_touch_unmap,10,16,52428,4,158348836,15834.884,15.834884,3958.721,0
protected,1,mmap_read_touch_unmap,0.5,10000,1,mmap_read_touch_unmap,10,16,52428,4,105688396,10568.840,10.568840,2642.210,0
protected,2,mmap_read_touch_unmap,0.5,10000,1,mmap_read_touch_unmap,10,16,52428,4,63129679,6312.968,6.312968,1578.242,0
protected,3,mmap_read_touch_unmap,0.5,10000,1,mmap_read_touch_unmap,10,16,52428,4,71588663,7158.866,7.158866,1789.717,0
protected,1,write_touch_cold,0.5,10000,1,write_touch_cold,10,16,52428,4,53250156,5325.016,5.325016,1331.254,0
protected,2,write_touch_cold,0.5,10000,1,write_touch_cold,10,16,52428,4,57350317,5735.032,5.735032,1433.758,0
protected,3,write_touch_cold,0.5,10000,1,write_touch_cold,10,16,52428,4,60168469,6016.847,6.016847,1504.212,0
protected,1,read_touch_cold,0.5,10000,1,read_touch_cold,10,16,52428,4,28248017,2824.802,2.824802,706.200,0
protected,2,read_touch_cold,0.5,10000,1,read_touch_cold,10,16,52428,4,29314295,2931.430,2.931430,732.857,0
protected,3,read_touch_cold,0.5,10000,1,read_touch_cold,10,16,52428,4,20329530,2032.953,2.032953,508.238,0
protected,1,write_touch_hot,0.5,10000,1,write_touch_hot,10,16,52428,4,33529,3.353,0.003353,0.838,0
protected,2,write_touch_hot,0.5,10000,1,write_touch_hot,10,16,52428,4,78817,7.882,0.007882,1.970,0
protected,3,write_touch_hot,0.5,10000,1,write_touch_hot,10,16,52428,4,56600,5.660,0.005660,1.415,0
protected,1,read_touch_hot,0.5,10000,1,read_touch_hot,10,16,52428,4,117025,11.703,0.011703,2.926,0
protected,2,read_touch_hot,0.5,10000,1,read_touch_hot,10,16,52428,4,101278,10.128,0.010128,2.532,0
protected,3,read_touch_hot,0.5,10000,1,read_touch_hot,10,16,52428,4,101278,10.128,0.010128,2.532,0
protected,1,munmap_after_no_touch,0.5,10000,1,munmap_after_no_touch,10,16,52428,4,24838026,2483.803,2.483803,0.000,0
protected,2,munmap_after_no_touch,0.5,10000,1,munmap_after_no_touch,10,16,52428,4,15968292,1596.829,1.596829,0.000,0
protected,3,munmap_after_no_touch,0.5,10000,1,munmap_after_no_touch,10,16,52428,4,13424004,1342.400,1.342400,0.000,0
protected,1,munmap_after_write_touch,0.5,10000,1,munmap_after_write_touch,10,16,52428,4,56230438,5623.044,5.623044,0.000,0
protected,2,munmap_after_write_touch,0.5,10000,1,munmap_after_write_touch,10,16,52428,4,51824565,5182.457,5.182456,0.000,0
protected,3,munmap_after_write_touch,0.5,10000,1,munmap_after_write_touch,10,16,52428,4,31300051,3130.005,3.130005,0.000,0
protected,1,munmap_after_read_touch,0.5,10000,1,munmap_after_read_touch,10,16,52428,4,43969233,4396.923,4.396923,0.000,0
protected,2,munmap_after_read_touch,0.5,10000,1,munmap_after_read_touch,10,16,52428,4,29810541,2981.054,2.981054,0.000,0
protected,3,munmap_after_read_touch,0.5,10000,1,munmap_after_read_touch,10,16,52428,4,42515814,4251.581,4.251581,0.000,0
protected,1,openclose,1,8000,1,openclose,10,16,104857,7,23492675,2936.584,2.936584,0.000,0
protected,2,openclose,1,8000,1,openclose,10,16,104857,7,38212281,4776.535,4.776535,0.000,0
protected,3,openclose,1,8000,1,openclose,10,16,104857,7,45788453,5723.557,5.723557,0.000,0
protected,1,mmap_unmap,1,8000,1,mmap_unmap,10,16,104857,7,28557902,3569.738,3.569738,0.000,0
protected,2,mmap_unmap,1,8000,1,mmap_unmap,10,16,104857,7,25168538,3146.067,3.146067,0.000,0
protected,3,mmap_unmap,1,8000,1,mmap_unmap,10,16,104857,7,42432821,5304.103,5.304103,0.000,0
protected,1,mmap_populate_unmap,1,8000,1,mmap_populate_unmap,10,16,104857,7,414540080,51817.510,51.817510,0.000,0
protected,2,mmap_populate_unmap,1,8000,1,mmap_populate_unmap,10,16,104857,7,467098307,58387.288,58.387288,0.000,0
protected,3,mmap_populate_unmap,1,8000,1,mmap_populate_unmap,10,16,104857,7,480146322,60018.290,60.018290,0.000,0
protected,1,mmap_write_touch_unmap,1,8000,1,mmap_write_touch_unmap,10,16,104857,7,121172566,15146.571,15.146571,2163.796,0
protected,2,mmap_write_touch_unmap,1,8000,1,mmap_write_touch_unmap,10,16,104857,7,159100993,19887.624,19.887624,2841.089,0
protected,3,mmap_write_touch_unmap,1,8000,1,mmap_write_touch_unmap,10,16,104857,7,183838867,22979.858,22.979858,3282.837,0
protected,1,mmap_read_touch_unmap,1,8000,1,mmap_read_touch_unmap,10,16,104857,7,89024007,11128.001,11.128001,1589.714,0
protected,2,mmap_read_touch_unmap,1,8000,1,mmap_read_touch_unmap,10,16,104857,7,120976318,15122.040,15.122040,2160.291,0
protected,3,mmap_read_touch_unmap,1,8000,1,mmap_read_touch_unmap,10,16,104857,7,112111613,14013.952,14.013952,2001.993,0
protected,1,write_touch_cold,1,8000,1,write_touch_cold,10,16,104857,7,85391932,10673.992,10.673991,1524.856,0
protected,2,write_touch_cold,1,8000,1,write_touch_cold,10,16,104857,7,85325239,10665.655,10.665655,1523.665,0
protected,3,write_touch_cold,1,8000,1,write_touch_cold,10,16,104857,7,62423110,7802.889,7.802889,1114.698,0
protected,1,read_touch_cold,1,8000,1,read_touch_cold,10,16,104857,7,56846404,7105.801,7.105800,1015.114,0
protected,2,read_touch_cold,1,8000,1,read_touch_cold,10,16,104857,7,40834223,5104.278,5.104278,729.183,0
protected,3,read_touch_cold,1,8000,1,read_touch_cold,10,16,104857,7,44518433,5564.804,5.564804,794.972,0
protected,1,write_touch_hot,1,8000,1,write_touch_hot,10,16,104857,7,40853,5.107,0.005107,0.730,0
protected,2,write_touch_hot,1,8000,1,write_touch_hot,10,16,104857,7,40731,5.091,0.005091,0.727,0
protected,3,write_touch_hot,1,8000,1,write_touch_hot,10,16,104857,7,86711,10.839,0.010839,1.548,0
protected,1,read_touch_hot,1,8000,1,read_touch_hot,10,16,104857,7,111532,13.941,0.013941,1.992,0
protected,2,read_touch_hot,1,8000,1,read_touch_hot,10,16,104857,7,66324,8.290,0.008290,1.184,0
protected,3,read_touch_hot,1,8000,1,read_touch_hot,10,16,104857,7,102457,12.807,0.012807,1.830,0
protected,1,munmap_after_no_touch,1,8000,1,munmap_after_no_touch,10,16,104857,7,8943173,1117.897,1.117897,0.000,0
protected,2,munmap_after_no_touch,1,8000,1,munmap_after_no_touch,10,16,104857,7,12069657,1508.707,1.508707,0.000,0
protected,3,munmap_after_no_touch,1,8000,1,munmap_after_no_touch,10,16,104857,7,19857248,2482.156,2.482156,0.000,0
protected,1,munmap_after_write_touch,1,8000,1,munmap_after_write_touch,10,16,104857,7,39723675,4965.459,4.965459,0.000,0
protected,2,munmap_after_write_touch,1,8000,1,munmap_after_write_touch,10,16,104857,7,46006119,5750.765,5.750765,0.000,0
protected,3,munmap_after_write_touch,1,8000,1,munmap_after_write_touch,10,16,104857,7,44591580,5573.948,5.573948,0.000,0
protected,1,munmap_after_read_touch,1,8000,1,munmap_after_read_touch,10,16,104857,7,31863811,3982.976,3.982976,0.000,0
protected,2,munmap_after_read_touch,1,8000,1,munmap_after_read_touch,10,16,104857,7,58686778,7335.847,7.335847,0.000,0
protected,3,munmap_after_read_touch,1,8000,1,munmap_after_read_touch,10,16,104857,7,63223592,7902.949,7.902949,0.000,0
protected,1,openclose,2,5000,1,openclose,10,16,209715,13,18255168,3651.034,3.651034,0.000,0
protected,2,openclose,2,5000,1,openclose,10,16,209715,13,31276164,6255.233,6.255233,0.000,0
protected,3,openclose,2,5000,1,openclose,10,16,209715,13,29047648,5809.530,5.809530,0.000,0
protected,1,mmap_unmap,2,5000,1,mmap_unmap,10,16,209715,13,33626383,6725.277,6.725277,0.000,0
protected,2,mmap_unmap,2,5000,1,mmap_unmap,10,16,209715,13,20909343,4181.869,4.181869,0.000,0
protected,3,mmap_unmap,2,5000,1,mmap_unmap,10,16,209715,13,34118571,6823.714,6.823714,0.000,0
protected,1,mmap_populate_unmap,2,5000,1,mmap_populate_unmap,10,16,209715,13,434290324,86858.065,86.858065,0.000,0
protected,2,mmap_populate_unmap,2,5000,1,mmap_populate_unmap,10,16,209715,13,451254639,90250.928,90.250928,0.000,0
protected,3,mmap_populate_unmap,2,5000,1,mmap_populate_unmap,10,16,209715,13,458276449,91655.290,91.655290,0.000,0
protected,1,mmap_write_touch_unmap,2,5000,1,mmap_write_touch_unmap,10,16,209715,13,154688843,30937.769,30.937769,2379.828,0
protected,2,mmap_write_touch_unmap,2,5000,1,mmap_write_touch_unmap,10,16,209715,13,148897949,29779.590,29.779590,2290.738,0
protected,3,mmap_write_touch_unmap,2,5000,1,mmap_write_touch_unmap,10,16,209715,13,152619344,30523.869,30.523869,2347.990,0
protected,1,mmap_read_touch_unmap,2,5000,1,mmap_read_touch_unmap,10,16,209715,13,80557780,16111.556,16.111556,1239.350,0
protected,2,mmap_read_touch_unmap,2,5000,1,mmap_read_touch_unmap,10,16,209715,13,110652059,22130.412,22.130412,1702.339,0
protected,3,mmap_read_touch_unmap,2,5000,1,mmap_read_touch_unmap,10,16,209715,13,99351359,19870.272,19.870272,1528.482,0
protected,1,write_touch_cold,2,5000,1,write_touch_cold,10,16,209715,13,96155043,19231.009,19.231009,1479.308,0
protected,2,write_touch_cold,2,5000,1,write_touch_cold,10,16,209715,13,95506945,19101.389,19.101389,1469.338,0
protected,3,write_touch_cold,2,5000,1,write_touch_cold,10,16,209715,13,93643946,18728.789,18.728789,1440.676,0
protected,1,read_touch_cold,2,5000,1,read_touch_cold,10,16,209715,13,44268882,8853.776,8.853776,681.060,0
protected,2,read_touch_cold,2,5000,1,read_touch_cold,10,16,209715,13,44598152,8919.630,8.919630,686.125,0
protected,3,read_touch_cold,2,5000,1,read_touch_cold,10,16,209715,13,51875529,10375.106,10.375106,798.085,0
protected,1,write_touch_hot,2,5000,1,write_touch_hot,10,16,209715,13,236816,47.363,0.047363,3.643,0
protected,2,write_touch_hot,2,5000,1,write_touch_hot,10,16,209715,13,719563,143.913,0.143913,11.070,0
protected,3,write_touch_hot,2,5000,1,write_touch_hot,10,16,209715,13,266439,53.288,0.053288,4.099,0
protected,1,read_touch_hot,2,5000,1,read_touch_hot,10,16,209715,13,152262,30.452,0.030452,2.342,0
protected,2,read_touch_hot,2,5000,1,read_touch_hot,10,16,209715,13,329427,65.885,0.065885,5.068,0
protected,3,read_touch_hot,2,5000,1,read_touch_hot,10,16,209715,13,325073,65.015,0.065015,5.001,0
protected,1,munmap_after_no_touch,2,5000,1,munmap_after_no_touch,10,16,209715,13,11808383,2361.677,2.361677,0.000,0
protected,2,munmap_after_no_touch,2,5000,1,munmap_after_no_touch,10,16,209715,13,15036201,3007.240,3.007240,0.000,0
protected,3,munmap_after_no_touch,2,5000,1,munmap_after_no_touch,10,16,209715,13,13511112,2702.222,2.702222,0.000,0
protected,1,munmap_after_write_touch,2,5000,1,munmap_after_write_touch,10,16,209715,13,41582794,8316.559,8.316559,0.000,0
protected,2,munmap_after_write_touch,2,5000,1,munmap_after_write_touch,10,16,209715,13,37229850,7445.970,7.445970,0.000,0
protected,3,munmap_after_write_touch,2,5000,1,munmap_after_write_touch,10,16,209715,13,30484122,6096.824,6.096824,0.000,0
protected,1,munmap_after_read_touch,2,5000,1,munmap_after_read_touch,10,16,209715,13,32937056,6587.411,6.587411,0.000,0
protected,2,munmap_after_read_touch,2,5000,1,munmap_after_read_touch,10,16,209715,13,50641569,10128.314,10.128314,0.000,0
protected,3,munmap_after_read_touch,2,5000,1,munmap_after_read_touch,10,16,209715,13,39409277,7881.855,7.881855,0.000,0
protected,1,openclose,4,3000,1,openclose,10,16,419430,26,17851603,5950.534,5.950534,0.000,0
protected,2,openclose,4,3000,1,openclose,10,16,419430,26,11611166,3870.389,3.870389,0.000,0
protected,3,openclose,4,3000,1,openclose,10,16,419430,26,19224528,6408.176,6.408176,0.000,0
protected,1,mmap_unmap,4,3000,1,mmap_unmap,10,16,419430,26,22699992,7566.664,7.566664,0.000,0
protected,2,mmap_unmap,4,3000,1,mmap_unmap,10,16,419430,26,19288411,6429.470,6.429470,0.000,0
protected,3,mmap_unmap,4,3000,1,mmap_unmap,10,16,419430,26,21850016,7283.339,7.283339,0.000,0
protected,1,mmap_populate_unmap,4,3000,1,mmap_populate_unmap,10,16,419430,26,524525594,174841.865,174.841865,0.000,0
protected,2,mmap_populate_unmap,4,3000,1,mmap_populate_unmap,10,16,419430,26,500786987,166928.996,166.928996,0.000,0
protected,3,mmap_populate_unmap,4,3000,1,mmap_populate_unmap,10,16,419430,26,520114217,173371.406,173.371406,0.000,0
protected,1,mmap_write_touch_unmap,4,3000,1,mmap_write_touch_unmap,10,16,419430,26,154356690,51452.230,51.452230,1978.932,0
protected,2,mmap_write_touch_unmap,4,3000,1,mmap_write_touch_unmap,10,16,419430,26,135750245,45250.082,45.250082,1740.388,0
protected,3,mmap_write_touch_unmap,4,3000,1,mmap_write_touch_unmap,10,16,419430,26,156337443,52112.481,52.112481,2004.326,0
protected,1,mmap_read_touch_unmap,4,3000,1,mmap_read_touch_unmap,10,16,419430,26,77707275,25902.425,25.902425,996.247,0
protected,2,mmap_read_touch_unmap,4,3000,1,mmap_read_touch_unmap,10,16,419430,26,77352621,25784.207,25.784207,991.700,0
protected,3,mmap_read_touch_unmap,4,3000,1,mmap_read_touch_unmap,10,16,419430,26,78434733,26144.911,26.144911,1005.573,0
protected,1,write_touch_cold,4,3000,1,write_touch_cold,10,16,419430,26,115054625,38351.542,38.351542,1475.059,0
protected,2,write_touch_cold,4,3000,1,write_touch_cold,10,16,419430,26,105084378,35028.126,35.028126,1347.236,0
protected,3,write_touch_cold,4,3000,1,write_touch_cold,10,16,419430,26,114794713,38264.904,38.264904,1471.727,0
protected,1,read_touch_cold,4,3000,1,read_touch_cold,10,16,419430,26,51930181,17310.060,17.310060,665.772,0
protected,2,read_touch_cold,4,3000,1,read_touch_cold,10,16,419430,26,55809378,18603.126,18.603126,715.505,0
protected,3,read_touch_cold,4,3000,1,read_touch_cold,10,16,419430,26,54385856,18128.619,18.128619,697.255,0
protected,1,write_touch_hot,4,3000,1,write_touch_hot,10,16,419430,26,473837,157.946,0.157946,6.075,0
protected,2,write_touch_hot,4,3000,1,write_touch_hot,10,16,419430,26,784302,261.434,0.261434,10.055,0
protected,3,write_touch_hot,4,3000,1,write_touch_hot,10,16,419430,26,360840,120.280,0.120280,4.626,0
protected,1,read_touch_hot,4,3000,1,read_touch_hot,10,16,419430,26,294718,98.239,0.098239,3.778,0
protected,2,read_touch_hot,4,3000,1,read_touch_hot,10,16,419430,26,401408,133.803,0.133803,5.146,0
protected,3,read_touch_hot,4,3000,1,read_touch_hot,10,16,419430,26,209758,69.919,0.069919,2.689,0
protected,1,munmap_after_no_touch,4,3000,1,munmap_after_no_touch,10,16,419430,26,8956914,2985.638,2.985638,0.000,0
protected,2,munmap_after_no_touch,4,3000,1,munmap_after_no_touch,10,16,419430,26,6729951,2243.317,2.243317,0.000,0
protected,3,munmap_after_no_touch,4,3000,1,munmap_after_no_touch,10,16,419430,26,7548076,2516.025,2.516025,0.000,0
protected,1,munmap_after_write_touch,4,3000,1,munmap_after_write_touch,10,16,419430,26,26207051,8735.684,8.735684,0.000,0
protected,2,munmap_after_write_touch,4,3000,1,munmap_after_write_touch,10,16,419430,26,30299652,10099.884,10.099884,0.000,0
protected,3,munmap_after_write_touch,4,3000,1,munmap_after_write_touch,10,16,419430,26,29863706,9954.569,9.954569,0.000,0
protected,1,munmap_after_read_touch,4,3000,1,munmap_after_read_touch,10,16,419430,26,27285551,9095.184,9.095184,0.000,0
protected,2,munmap_after_read_touch,4,3000,1,munmap_after_read_touch,10,16,419430,26,27703554,9234.518,9.234518,0.000,0
protected,3,munmap_after_read_touch,4,3000,1,munmap_after_read_touch,10,16,419430,26,29504775,9834.925,9.834925,0.000,0
protected,1,openclose,8,2000,1,openclose,10,16,838860,52,16046835,8023.417,8.023417,0.000,0
protected,2,openclose,8,2000,1,openclose,10,16,838860,52,15844890,7922.445,7.922445,0.000,0
protected,3,openclose,8,2000,1,openclose,10,16,838860,52,15447672,7723.836,7.723836,0.000,0
protected,1,mmap_unmap,8,2000,1,mmap_unmap,10,16,838860,52,10057292,5028.646,5.028646,0.000,0
protected,2,mmap_unmap,8,2000,1,mmap_unmap,10,16,838860,52,12560953,6280.476,6.280476,0.000,0
protected,3,mmap_unmap,8,2000,1,mmap_unmap,10,16,838860,52,17971435,8985.718,8.985717,0.000,0
protected,1,mmap_populate_unmap,8,2000,1,mmap_populate_unmap,10,16,838860,52,670493164,335246.582,335.246582,0.000,0
protected,2,mmap_populate_unmap,8,2000,1,mmap_populate_unmap,10,16,838860,52,671132813,335566.406,335.566406,0.000,0
protected,3,mmap_populate_unmap,8,2000,1,mmap_populate_unmap,10,16,838860,52,637316121,318658.061,318.658061,0.000,0
protected,1,mmap_write_touch_unmap,8,2000,1,mmap_write_touch_unmap,10,16,838860,52,156045085,78022.542,78.022543,1500.434,0
protected,2,mmap_write_touch_unmap,8,2000,1,mmap_write_touch_unmap,10,16,838860,52,162006674,81003.337,81.003337,1557.756,0
protected,3,mmap_write_touch_unmap,8,2000,1,mmap_write_touch_unmap,10,16,838860,52,186082601,93041.300,93.041300,1789.256,0
protected,1,mmap_read_touch_unmap,8,2000,1,mmap_read_touch_unmap,10,16,838860,52,124339559,62169.779,62.169779,1195.573,0
protected,2,mmap_read_touch_unmap,8,2000,1,mmap_read_touch_unmap,10,16,838860,52,116017701,58008.851,58.008851,1115.555,0
protected,3,mmap_read_touch_unmap,8,2000,1,mmap_read_touch_unmap,10,16,838860,52,89407186,44703.593,44.703593,859.684,0
protected,1,write_touch_cold,8,2000,1,write_touch_cold,10,16,838860,52,126181843,63090.921,63.090921,1213.287,0
protected,2,write_touch_cold,8,2000,1,write_touch_cold,10,16,838860,52,151232911,75616.455,75.616456,1454.163,0
protected,3,write_touch_cold,8,2000,1,write_touch_cold,10,16,838860,52,140087534,70043.767,70.043767,1346.996,0
protected,1,read_touch_cold,8,2000,1,read_touch_cold,10,16,838860,52,72043356,36021.678,36.021678,692.725,0
protected,2,read_touch_cold,8,2000,1,read_touch_cold,10,16,838860,52,53952413,26976.207,26.976206,518.773,0
protected,3,read_touch_cold,8,2000,1,read_touch_cold,10,16,838860,52,72421036,36210.518,36.210518,696.356,0
protected,1,write_touch_hot,8,2000,1,write_touch_hot,10,16,838860,52,794108,397.054,0.397054,7.636,0
protected,2,write_touch_hot,8,2000,1,write_touch_hot,10,16,838860,52,268351,134.175,0.134176,2.580,0
protected,3,write_touch_hot,8,2000,1,write_touch_hot,10,16,838860,52,794230,397.115,0.397115,7.637,0
protected,1,read_touch_hot,8,2000,1,read_touch_hot,10,16,838860,52,978679,489.339,0.489339,9.410,0
protected,2,read_touch_hot,8,2000,1,read_touch_hot,10,16,838860,52,805867,402.933,0.402933,7.749,0
protected,3,read_touch_hot,8,2000,1,read_touch_hot,10,16,838860,52,356080,178.040,0.178040,3.424,0
protected,1,munmap_after_no_touch,8,2000,1,munmap_after_no_touch,10,16,838860,52,7685641,3842.820,3.842820,0.000,0
protected,2,munmap_after_no_touch,8,2000,1,munmap_after_no_touch,10,16,838860,52,2286719,1143.360,1.143360,0.000,0
protected,3,munmap_after_no_touch,8,2000,1,munmap_after_no_touch,10,16,838860,52,6534689,3267.345,3.267345,0.000,0
protected,1,munmap_after_write_touch,8,2000,1,munmap_after_write_touch,10,16,838860,52,28436108,14218.054,14.218054,0.000,0
protected,2,munmap_after_write_touch,8,2000,1,munmap_after_write_touch,10,16,838860,52,31303462,15651.731,15.651731,0.000,0
protected,3,munmap_after_write_touch,8,2000,1,munmap_after_write_touch,10,16,838860,52,27805995,13902.997,13.902997,0.000,0
protected,1,munmap_after_read_touch,8,2000,1,munmap_after_read_touch,10,16,838860,52,37716227,18858.113,18.858113,0.000,0
protected,2,munmap_after_read_touch,8,2000,1,munmap_after_read_touch,10,16,838860,52,44590275,22295.138,22.295137,0.000,0
protected,3,munmap_after_read_touch,8,2000,1,munmap_after_read_touch,10,16,838860,52,28213832,14106.916,14.106916,0.000,0
protected,1,openclose,16,1000,1,openclose,10,16,1677721,103,6665609,6665.609,6.665609,0.000,0
protected,2,openclose,16,1000,1,openclose,10,16,1677721,103,5651123,5651.123,5.651123,0.000,0
protected,3,openclose,16,1000,1,openclose,10,16,1677721,103,5825521,5825.521,5.825521,0.000,0
protected,1,mmap_unmap,16,1000,1,mmap_unmap,10,16,1677721,103,3079346,3079.346,3.079346,0.000,0
protected,2,mmap_unmap,16,1000,1,mmap_unmap,10,16,1677721,103,5297688,5297.688,5.297688,0.000,0
protected,3,mmap_unmap,16,1000,1,mmap_unmap,10,16,1677721,103,4520548,4520.548,4.520548,0.000,0
protected,1,mmap_populate_unmap,16,1000,1,mmap_populate_unmap,10,16,1677721,103,632019084,632019.084,632.019084,0.000,0
protected,2,mmap_populate_unmap,16,1000,1,mmap_populate_unmap,10,16,1677721,103,664239259,664239.259,664.239259,0.000,0
protected,3,mmap_populate_unmap,16,1000,1,mmap_populate_unmap,10,16,1677721,103,652575196,652575.196,652.575196,0.000,0
protected,1,mmap_write_touch_unmap,16,1000,1,mmap_write_touch_unmap,10,16,1677721,103,146661621,146661.621,146.661621,1423.899,0
protected,2,mmap_write_touch_unmap,16,1000,1,mmap_write_touch_unmap,10,16,1677721,103,140414184,140414.184,140.414184,1363.245,0
protected,3,mmap_write_touch_unmap,16,1000,1,mmap_write_touch_unmap,10,16,1677721,103,167456137,167456.137,167.456137,1625.788,0
protected,1,mmap_read_touch_unmap,16,1000,1,mmap_read_touch_unmap,10,16,1677721,103,80551066,80551.066,80.551066,782.049,0
protected,2,mmap_read_touch_unmap,16,1000,1,mmap_read_touch_unmap,10,16,1677721,103,76692016,76692.016,76.692016,744.583,0
protected,3,mmap_read_touch_unmap,16,1000,1,mmap_read_touch_unmap,10,16,1677721,103,107618083,107618.083,107.618083,1044.836,0
protected,1,write_touch_cold,16,1000,1,write_touch_cold,10,16,1677721,103,123521111,123521.111,123.521111,1199.234,0
protected,2,write_touch_cold,16,1000,1,write_touch_cold,10,16,1677721,103,152192008,152192.008,152.192008,1477.592,0
protected,3,write_touch_cold,16,1000,1,write_touch_cold,10,16,1677721,103,154556850,154556.850,154.556850,1500.552,0
protected,1,read_touch_cold,16,1000,1,read_touch_cold,10,16,1677721,103,62450739,62450.739,62.450739,606.318,0
protected,2,read_touch_cold,16,1000,1,read_touch_cold,10,16,1677721,103,63731258,63731.258,63.731258,618.750,0
protected,3,read_touch_cold,16,1000,1,read_touch_cold,10,16,1677721,103,57322673,57322.673,57.322673,556.531,0
protected,1,write_touch_hot,16,1000,1,write_touch_hot,10,16,1677721,103,349528,349.528,0.349528,3.393,0
protected,2,write_touch_hot,16,1000,1,write_touch_hot,10,16,1677721,103,366496,366.496,0.366496,3.558,0
protected,3,write_touch_hot,16,1000,1,write_touch_hot,10,16,1677721,103,337931,337.931,0.337931,3.281,0
protected,1,read_touch_hot,16,1000,1,read_touch_hot,10,16,1677721,103,445028,445.028,0.445028,4.321,0
protected,2,read_touch_hot,16,1000,1,read_touch_hot,10,16,1677721,103,434326,434.326,0.434326,4.217,0
protected,3,read_touch_hot,16,1000,1,read_touch_hot,10,16,1677721,103,330363,330.363,0.330363,3.207,0
protected,1,munmap_after_no_touch,16,1000,1,munmap_after_no_touch,10,16,1677721,103,2106673,2106.673,2.106673,0.000,0
protected,2,munmap_after_no_touch,16,1000,1,munmap_after_no_touch,10,16,1677721,103,2301308,2301.308,2.301308,0.000,0
protected,3,munmap_after_no_touch,16,1000,1,munmap_after_no_touch,10,16,1677721,103,2686091,2686.091,2.686091,0.000,0
protected,1,munmap_after_write_touch,16,1000,1,munmap_after_write_touch,10,16,1677721,103,21464924,21464.924,21.464924,0.000,0
protected,2,munmap_after_write_touch,16,1000,1,munmap_after_write_touch,10,16,1677721,103,15561783,15561.783,15.561783,0.000,0
protected,3,munmap_after_write_touch,16,1000,1,munmap_after_write_touch,10,16,1677721,103,15708832,15708.832,15.708832,0.000,0
protected,1,munmap_after_read_touch,16,1000,1,munmap_after_read_touch,10,16,1677721,103,34773122,34773.122,34.773122,0.000,0
protected,2,munmap_after_read_touch,16,1000,1,munmap_after_read_touch,10,16,1677721,103,33889143,33889.143,33.889143,0.000,0
protected,3,munmap_after_read_touch,16,1000,1,munmap_after_read_touch,10,16,1677721,103,32411098,32411.098,32.411098,0.000,0
protected,1,openclose,64,300,1,openclose,10,16,6710886,410,2448364,8161.213,8.161213,0.000,0
protected,2,openclose,64,300,1,openclose,10,16,6710886,410,1552124,5173.747,5.173747,0.000,0
protected,3,openclose,64,300,1,openclose,10,16,6710886,410,3180746,10602.487,10.602487,0.000,0
protected,1,mmap_unmap,64,300,1,mmap_unmap,10,16,6710886,410,1841146,6137.153,6.137153,0.000,0
protected,2,mmap_unmap,64,300,1,mmap_unmap,10,16,6710886,410,2648560,8828.533,8.828533,0.000,0
protected,3,mmap_unmap,64,300,1,mmap_unmap,10,16,6710886,410,2492391,8307.970,8.307970,0.000,0
protected,1,mmap_populate_unmap,64,300,1,mmap_populate_unmap,10,16,6710886,410,781832723,2606109.077,2606.109077,0.000,0
protected,2,mmap_populate_unmap,64,300,1,mmap_populate_unmap,10,16,6710886,410,788580689,2628602.297,2628.602297,0.000,0
protected,3,mmap_populate_unmap,64,300,1,mmap_populate_unmap,10,16,6710886,410,788035564,2626785.213,2626.785213,0.000,0
protected,1,mmap_write_touch_unmap,64,300,1,mmap_write_touch_unmap,10,16,6710886,410,173999959,579999.863,579.999863,1414.634,0
protected,2,mmap_write_touch_unmap,64,300,1,mmap_write_touch_unmap,10,16,6710886,410,193332967,644443.223,644.443223,1571.813,0
protected,3,mmap_write_touch_unmap,64,300,1,mmap_write_touch_unmap,10,16,6710886,410,193263306,644211.020,644.211020,1571.246,0
protected,1,mmap_read_touch_unmap,64,300,1,mmap_read_touch_unmap,10,16,6710886,410,119578817,398596.057,398.596057,972.186,0
protected,2,mmap_read_touch_unmap,64,300,1,mmap_read_touch_unmap,10,16,6710886,410,120902019,403006.730,403.006730,982.943,0
protected,3,mmap_read_touch_unmap,64,300,1,mmap_read_touch_unmap,10,16,6710886,410,112469605,374898.683,374.898683,914.387,0
protected,1,write_touch_cold,64,300,1,write_touch_cold,10,16,6710886,410,152016881,506722.937,506.722937,1235.910,0
protected,2,write_touch_cold,64,300,1,write_touch_cold,10,16,6710886,410,178668948,595563.160,595.563160,1452.593,0
protected,3,write_touch_cold,64,300,1,write_touch_cold,10,16,6710886,410,178497083,594990.277,594.990277,1451.196,0
protected,1,read_touch_cold,64,300,1,read_touch_cold,10,16,6710886,410,82677366,275591.220,275.591220,672.174,0
protected,2,read_touch_cold,64,300,1,read_touch_cold,10,16,6710886,410,61923042,206410.140,206.410140,503.439,0
protected,3,read_touch_cold,64,300,1,read_touch_cold,10,16,6710886,410,76151862,253839.540,253.839540,619.121,0
protected,1,write_touch_hot,64,300,1,write_touch_hot,10,16,6710886,410,861857,2872.857,2.872857,7.007,0
protected,2,write_touch_hot,64,300,1,write_touch_hot,10,16,6710886,410,790609,2635.363,2.635363,6.428,0
protected,3,write_touch_hot,64,300,1,write_touch_hot,10,16,6710886,410,524292,1747.640,1.747640,4.263,0
protected,1,read_touch_hot,64,300,1,read_touch_hot,10,16,6710886,410,931640,3105.467,3.105467,7.574,0
protected,2,read_touch_hot,64,300,1,read_touch_hot,10,16,6710886,410,1906576,6355.253,6.355253,15.501,0
protected,3,read_touch_hot,64,300,1,read_touch_hot,10,16,6710886,410,1666382,5554.607,5.554607,13.548,0
protected,1,munmap_after_no_touch,64,300,1,munmap_after_no_touch,10,16,6710886,410,457478,1524.927,1.524927,0.000,0
protected,2,munmap_after_no_touch,64,300,1,munmap_after_no_touch,10,16,6710886,410,517934,1726.447,1.726447,0.000,0
protected,3,munmap_after_no_touch,64,300,1,munmap_after_no_touch,10,16,6710886,410,1570678,5235.593,5.235593,0.000,0
protected,1,munmap_after_write_touch,64,300,1,munmap_after_write_touch,10,16,6710886,410,13525349,45084.497,45.084497,0.000,0
protected,2,munmap_after_write_touch,64,300,1,munmap_after_write_touch,10,16,6710886,410,13679113,45597.043,45.597043,0.000,0
protected,3,munmap_after_write_touch,64,300,1,munmap_after_write_touch,10,16,6710886,410,13375996,44586.653,44.586653,0.000,0
protected,1,munmap_after_read_touch,64,300,1,munmap_after_read_touch,10,16,6710886,410,26854617,89515.390,89.515390,0.000,0
protected,2,munmap_after_read_touch,64,300,1,munmap_after_read_touch,10,16,6710886,410,34361643,114538.810,114.538810,0.000,0
protected,3,munmap_after_read_touch,64,300,1,munmap_after_read_touch,10,16,6710886,410,28761710,95872.367,95.872367,0.000,0
protected,4,openclose,0.5,10000,1,openclose,10,16,52428,4,54488607,5448.861,5.448861,0.000,0
protected,5,openclose,0.5,10000,1,openclose,10,16,52428,4,52773031,5277.303,5.277303,0.000,0
protected,4,mmap_unmap,0.5,10000,1,mmap_unmap,10,16,52428,4,39113647,3911.365,3.911365,0.000,0
protected,5,mmap_unmap,0.5,10000,1,mmap_unmap,10,16,52428,4,53219564,5321.956,5.321956,0.000,0
protected,4,mmap_populate_unmap,0.5,10000,1,mmap_populate_unmap,10,16,52428,4,268238729,26823.873,26.823873,0.000,0
protected,5,mmap_populate_unmap,0.5,10000,1,mmap_populate_unmap,10,16,52428,4,259267985,25926.799,25.926799,0.000,0
protected,4,mmap_write_touch_unmap,0.5,10000,1,mmap_write_touch_unmap,10,16,52428,4,90869426,9086.943,9.086943,2271.736,0
protected,5,mmap_write_touch_unmap,0.5,10000,1,mmap_write_touch_unmap,10,16,52428,4,153179810,15317.981,15.317981,3829.495,0
protected,4,mmap_read_touch_unmap,0.5,10000,1,mmap_read_touch_unmap,10,16,52428,4,67529948,6752.995,6.752995,1688.249,0
protected,5,mmap_read_touch_unmap,0.5,10000,1,mmap_read_touch_unmap,10,16,52428,4,121839030,12183.903,12.183903,3045.976,0
protected,4,write_touch_cold,0.5,10000,1,write_touch_cold,10,16,52428,4,53760693,5376.069,5.376069,1344.017,0
protected,5,write_touch_cold,0.5,10000,1,write_touch_cold,10,16,52428,4,65077320,6507.732,6.507732,1626.933,0
protected,4,read_touch_cold,0.5,10000,1,read_touch_cold,10,16,52428,4,20962877,2096.288,2.096288,524.072,0
protected,5,read_touch_cold,0.5,10000,1,read_touch_cold,10,16,52428,4,18797998,1879.800,1.879800,469.950,0
protected,4,write_touch_hot,0.5,10000,1,write_touch_hot,10,16,52428,4,76538,7.654,0.007654,1.913,0
protected,5,write_touch_hot,0.5,10000,1,write_touch_hot,10,16,52428,4,33610,3.361,0.003361,0.840,0
protected,4,read_touch_hot,0.5,10000,1,read_touch_hot,10,16,52428,4,75968,7.597,0.007597,1.899,0
protected,5,read_touch_hot,0.5,10000,1,read_touch_hot,10,16,52428,4,38900,3.890,0.003890,0.973,0
protected,4,munmap_after_no_touch,0.5,10000,1,munmap_after_no_touch,10,16,52428,4,14028870,1402.887,1.402887,0.000,0
protected,5,munmap_after_no_touch,0.5,10000,1,munmap_after_no_touch,10,16,52428,4,15307030,1530.703,1.530703,0.000,0
protected,4,munmap_after_write_touch,0.5,10000,1,munmap_after_write_touch,10,16,52428,4,50056025,5005.602,5.005603,0.000,0
protected,5,munmap_after_write_touch,0.5,10000,1,munmap_after_write_touch,10,16,52428,4,27632716,2763.272,2.763272,0.000,0
protected,4,munmap_after_read_touch,0.5,10000,1,munmap_after_read_touch,10,16,52428,4,42036642,4203.664,4.203664,0.000,0
protected,5,munmap_after_read_touch,0.5,10000,1,munmap_after_read_touch,10,16,52428,4,38194072,3819.407,3.819407,0.000,0
protected,4,openclose,1,8000,1,openclose,10,16,104857,7,21625162,2703.145,2.703145,0.000,0
protected,5,openclose,1,8000,1,openclose,10,16,104857,7,44676554,5584.569,5.584569,0.000,0
protected,4,mmap_unmap,1,8000,1,mmap_unmap,10,16,104857,7,24336141,3042.018,3.042018,0.000,0
protected,5,mmap_unmap,1,8000,1,mmap_unmap,10,16,104857,7,30208578,3776.072,3.776072,0.000,0
protected,4,mmap_populate_unmap,1,8000,1,mmap_populate_unmap,10,16,104857,7,421278971,52659.871,52.659871,0.000,0
protected,5,mmap_populate_unmap,1,8000,1,mmap_populate_unmap,10,16,104857,7,408979208,51122.401,51.122401,0.000,0
protected,4,mmap_write_touch_unmap,1,8000,1,mmap_write_touch_unmap,10,16,104857,7,142505127,17813.141,17.813141,2544.734,0
protected,5,mmap_write_touch_unmap,1,8000,1,mmap_write_touch_unmap,10,16,104857,7,120880656,15110.082,15.110082,2158.583,0
protected,4,mmap_read_touch_unmap,1,8000,1,mmap_read_touch_unmap,10,16,104857,7,100218384,12527.298,12.527298,1789.614,0
protected,5,mmap_read_touch_unmap,1,8000,1,mmap_read_touch_unmap,10,16,104857,7,128707438,16088.430,16.088430,2298.347,0
protected,4,write_touch_cold,1,8000,1,write_touch_cold,10,16,104857,7,62061788,7757.724,7.757723,1108.246,0
protected,5,write_touch_cold,1,8000,1,write_touch_cold,10,16,104857,7,67146292,8393.287,8.393287,1199.041,0
protected,4,read_touch_cold,1,8000,1,read_touch_cold,10,16,104857,7,42493181,5311.648,5.311648,758.807,0
protected,5,read_touch_cold,1,8000,1,read_touch_cold,10,16,104857,7,33269564,4158.695,4.158695,594.099,0
protected,4,write_touch_hot,1,8000,1,write_touch_hot,10,16,104857,7,37883,4.735,0.004735,0.676,0
protected,5,write_touch_hot,1,8000,1,write_touch_hot,10,16,104857,7,40487,5.061,0.005061,0.723,0
protected,4,read_touch_hot,1,8000,1,read_touch_hot,10,16,104857,7,56560,7.070,0.007070,1.010,0
protected,5,read_touch_hot,1,8000,1,read_touch_hot,10,16,104857,7,69703,8.713,0.008713,1.245,0
protected,4,munmap_after_no_touch,1,8000,1,munmap_after_no_touch,10,16,104857,7,19164534,2395.567,2.395567,0.000,0
protected,5,munmap_after_no_touch,1,8000,1,munmap_after_no_touch,10,16,104857,7,14617820,1827.227,1.827228,0.000,0
protected,4,munmap_after_write_touch,1,8000,1,munmap_after_write_touch,10,16,104857,7,47553807,5944.226,5.944226,0.000,0
protected,5,munmap_after_write_touch,1,8000,1,munmap_after_write_touch,10,16,104857,7,49820492,6227.561,6.227562,0.000,0
protected,4,munmap_after_read_touch,1,8000,1,munmap_after_read_touch,10,16,104857,7,62855940,7856.993,7.856993,0.000,0
protected,5,munmap_after_read_touch,1,8000,1,munmap_after_read_touch,10,16,104857,7,62593700,7824.212,7.824212,0.000,0
protected,4,openclose,2,5000,1,openclose,10,16,209715,13,17452026,3490.405,3.490405,0.000,0
protected,5,openclose,2,5000,1,openclose,10,16,209715,13,14199666,2839.933,2.839933,0.000,0
protected,4,mmap_unmap,2,5000,1,mmap_unmap,10,16,209715,13,16001343,3200.269,3.200269,0.000,0
protected,5,mmap_unmap,2,5000,1,mmap_unmap,10,16,209715,13,31840698,6368.140,6.368140,0.000,0
protected,4,mmap_populate_unmap,2,5000,1,mmap_populate_unmap,10,16,209715,13,462868083,92573.617,92.573617,0.000,0
protected,5,mmap_populate_unmap,2,5000,1,mmap_populate_unmap,10,16,209715,13,450355754,90071.151,90.071151,0.000,0
protected,4,mmap_write_touch_unmap,2,5000,1,mmap_write_touch_unmap,10,16,209715,13,143810018,28762.004,28.762004,2212.462,0
protected,5,mmap_write_touch_unmap,2,5000,1,mmap_write_touch_unmap,10,16,209715,13,153318726,30663.745,30.663745,2358.750,0
protected,4,mmap_read_touch_unmap,2,5000,1,mmap_read_touch_unmap,10,16,209715,13,81873738,16374.748,16.374748,1259.596,0
protected,5,mmap_read_touch_unmap,2,5000,1,mmap_read_touch_unmap,10,16,209715,13,83895304,16779.061,16.779061,1290.697,0
protected,4,write_touch_cold,2,5000,1,write_touch_cold,10,16,209715,13,91390426,18278.085,18.278085,1406.007,0
protected,5,write_touch_cold,2,5000,1,write_touch_cold,10,16,209715,13,93881264,18776.253,18.776253,1444.327,0
protected,4,read_touch_cold,2,5000,1,read_touch_cold,10,16,209715,13,48605501,9721.100,9.721100,747.777,0
protected,5,read_touch_cold,2,5000,1,read_touch_cold,10,16,209715,13,50166694,10033.339,10.033339,771.795,0
protected,4,write_touch_hot,2,5000,1,write_touch_hot,10,16,209715,13,706339,141.268,0.141268,10.867,0
protected,5,write_touch_hot,2,5000,1,write_touch_hot,10,16,209715,13,199503,39.901,0.039901,3.069,0
protected,4,read_touch_hot,2,5000,1,read_touch_hot,10,16,209715,13,134481,26.896,0.026896,2.069,0
protected,5,read_touch_hot,2,5000,1,read_touch_hot,10,16,209715,13,106364,21.273,0.021273,1.636,0
protected,4,munmap_after_no_touch,2,5000,1,munmap_after_no_touch,10,16,209715,13,8575344,1715.069,1.715069,0.000,0
protected,5,munmap_after_no_touch,2,5000,1,munmap_after_no_touch,10,16,209715,13,14586673,2917.335,2.917335,0.000,0
protected,4,munmap_after_write_touch,2,5000,1,munmap_after_write_touch,10,16,209715,13,37087337,7417.467,7.417467,0.000,0
protected,5,munmap_after_write_touch,2,5000,1,munmap_after_write_touch,10,16,209715,13,29096501,5819.300,5.819300,0.000,0
protected,4,munmap_after_read_touch,2,5000,1,munmap_after_read_touch,10,16,209715,13,41932246,8386.449,8.386449,0.000,0
protected,5,munmap_after_read_touch,2,5000,1,munmap_after_read_touch,10,16,209715,13,38694765,7738.953,7.738953,0.000,0
protected,4,openclose,4,3000,1,openclose,10,16,419430,26,21242431,7080.810,7.080810,0.000,0
protected,5,openclose,4,3000,1,openclose,10,16,419430,26,22497843,7499.281,7.499281,0.000,0
protected,4,mmap_unmap,4,3000,1,mmap_unmap,10,16,419430,26,21022339,7007.446,7.007446,0.000,0
protected,5,mmap_unmap,4,3000,1,mmap_unmap,10,16,419430,26,23130941,7710.314,7.710314,0.000,0
protected,4,mmap_populate_unmap,4,3000,1,mmap_populate_unmap,10,16,419430,26,492052897,164017.632,164.017632,0.000,0
protected,5,mmap_populate_unmap,4,3000,1,mmap_populate_unmap,10,16,419430,26,524678223,174892.741,174.892741,0.000,0
protected,4,mmap_write_touch_unmap,4,3000,1,mmap_write_touch_unmap,10,16,419430,26,118622844,39540.948,39.540948,1520.806,0
protected,5,mmap_write_touch_unmap,4,3000,1,mmap_write_touch_unmap,10,16,419430,26,150067830,50022.610,50.022610,1923.947,0
protected,4,mmap_read_touch_unmap,4,3000,1,mmap_read_touch_unmap,10,16,419430,26,119600871,39866.957,39.866957,1533.344,0
protected,5,mmap_read_touch_unmap,4,3000,1,mmap_read_touch_unmap,10,16,419430,26,114416463,38138.821,38.138821,1466.878,0
protected,4,write_touch_cold,4,3000,1,write_touch_cold,10,16,419430,26,112021664,37340.555,37.340555,1436.175,0
protected,5,write_touch_cold,4,3000,1,write_touch_cold,10,16,419430,26,113814408,37938.136,37.938136,1459.159,0
protected,4,read_touch_cold,4,3000,1,read_touch_cold,10,16,419430,26,39209923,13069.974,13.069974,502.691,0
protected,5,read_touch_cold,4,3000,1,read_touch_cold,10,16,419430,26,38300514,12766.838,12.766838,491.032,0
protected,4,write_touch_hot,4,3000,1,write_touch_hot,10,16,419430,26,335409,111.803,0.111803,4.300,0
protected,5,write_touch_hot,4,3000,1,write_touch_hot,10,16,419430,26,434733,144.911,0.144911,5.574,0
protected,4,read_touch_hot,4,3000,1,read_touch_hot,10,16,419430,26,267985,89.328,0.089328,3.436,0
protected,5,read_touch_hot,4,3000,1,read_touch_hot,10,16,419430,26,463867,154.622,0.154622,5.947,0
protected,4,munmap_after_no_touch,4,3000,1,munmap_after_no_touch,10,16,419430,26,8939110,2979.703,2.979703,0.000,0
protected,5,munmap_after_no_touch,4,3000,1,munmap_after_no_touch,10,16,419430,26,7659280,2553.093,2.553093,0.000,0
protected,4,munmap_after_write_touch,4,3000,1,munmap_after_write_touch,10,16,419430,26,23640616,7880.205,7.880205,0.000,0
protected,5,munmap_after_write_touch,4,3000,1,munmap_after_write_touch,10,16,419430,26,32342598,10780.866,10.780866,0.000,0
protected,4,munmap_after_read_touch,4,3000,1,munmap_after_read_touch,10,16,419430,26,45167766,15055.922,15.055922,0.000,0
protected,5,munmap_after_read_touch,4,3000,1,munmap_after_read_touch,10,16,419430,26,43238234,14412.745,14.412745,0.000,0
protected,4,openclose,8,2000,1,openclose,10,16,838860,52,8105021,4052.510,4.052510,0.000,0
protected,5,openclose,8,2000,1,openclose,10,16,838860,52,13299845,6649.922,6.649922,0.000,0
protected,4,mmap_unmap,8,2000,1,mmap_unmap,10,16,838860,52,18001383,9000.692,9.000692,0.000,0
protected,5,mmap_unmap,8,2000,1,mmap_unmap,10,16,838860,52,14567790,7283.895,7.283895,0.000,0
protected,4,mmap_populate_unmap,8,2000,1,mmap_populate_unmap,10,16,838860,52,638573609,319286.805,319.286805,0.000,0
protected,5,mmap_populate_unmap,8,2000,1,mmap_populate_unmap,10,16,838860,52,672743897,336371.948,336.371948,0.000,0
protected,4,mmap_write_touch_unmap,8,2000,1,mmap_write_touch_unmap,10,16,838860,52,159879721,79939.860,79.939860,1537.305,0
protected,5,mmap_write_touch_unmap,8,2000,1,mmap_write_touch_unmap,10,16,838860,52,170734335,85367.167,85.367167,1641.676,0
protected,4,mmap_read_touch_unmap,8,2000,1,mmap_read_touch_unmap,10,16,838860,52,121543986,60771.993,60.771993,1168.692,0
protected,5,mmap_read_touch_unmap,8,2000,1,mmap_read_touch_unmap,10,16,838860,52,99091308,49545.654,49.545654,952.801,0
protected,4,write_touch_cold,8,2000,1,write_touch_cold,10,16,838860,52,143528348,71764.174,71.764174,1380.080,0
protected,5,write_touch_cold,8,2000,1,write_touch_cold,10,16,838860,52,145517887,72758.943,72.758944,1399.210,0
protected,4,read_touch_cold,8,2000,1,read_touch_cold,10,16,838860,52,68449102,34224.551,34.224551,658.164,0
protected,5,read_touch_cold,8,2000,1,read_touch_cold,10,16,838860,52,71094572,35547.286,35.547286,683.602,0
protected,4,write_touch_hot,8,2000,1,write_touch_hot,10,16,838860,52,586222,293.111,0.293111,5.637,0
protected,5,write_touch_hot,8,2000,1,write_touch_hot,10,16,838860,52,586263,293.132,0.293131,5.637,0
protected,4,read_touch_hot,8,2000,1,read_touch_hot,10,16,838860,52,744181,372.091,0.372091,7.156,0
protected,5,read_touch_hot,8,2000,1,read_touch_hot,10,16,838860,52,240560,120.280,0.120280,2.313,0
protected,4,munmap_after_no_touch,8,2000,1,munmap_after_no_touch,10,16,838860,52,3341538,1670.769,1.670769,0.000,0
protected,5,munmap_after_no_touch,8,2000,1,munmap_after_no_touch,10,16,838860,52,2609163,1304.582,1.304582,0.000,0
protected,4,munmap_after_write_touch,8,2000,1,munmap_after_write_touch,10,16,838860,52,19994565,9997.282,9.997282,0.000,0
protected,5,munmap_after_write_touch,8,2000,1,munmap_after_write_touch,10,16,838860,52,23863693,11931.846,11.931846,0.000,0
protected,4,munmap_after_read_touch,8,2000,1,munmap_after_read_touch,10,16,838860,52,30075956,15037.978,15.037978,0.000,0
protected,5,munmap_after_read_touch,8,2000,1,munmap_after_read_touch,10,16,838860,52,30362469,15181.235,15.181235,0.000,0
protected,4,openclose,16,1000,1,openclose,10,16,1677721,103,8323974,8323.974,8.323974,0.000,0
protected,5,openclose,16,1000,1,openclose,10,16,1677721,103,3563762,3563.762,3.563762,0.000,0
protected,4,mmap_unmap,16,1000,1,mmap_unmap,10,16,1677721,103,6062093,6062.093,6.062093,0.000,0
protected,5,mmap_unmap,16,1000,1,mmap_unmap,10,16,1677721,103,5451213,5451.213,5.451213,0.000,0
protected,4,mmap_populate_unmap,16,1000,1,mmap_populate_unmap,10,16,1677721,103,653019572,653019.572,653.019572,0.000,0
protected,5,mmap_populate_unmap,16,1000,1,mmap_populate_unmap,10,16,1677721,103,662854574,662854.574,662.854574,0.000,0
protected,4,mmap_write_touch_unmap,16,1000,1,mmap_write_touch_unmap,10,16,1677721,103,164730103,164730.103,164.730103,1599.321,0
protected,5,mmap_write_touch_unmap,16,1000,1,mmap_write_touch_unmap,10,16,1677721,103,172747722,172747.722,172.747722,1677.162,0
protected,4,mmap_read_touch_unmap,16,1000,1,mmap_read_touch_unmap,10,16,1677721,103,119865845,119865.845,119.865845,1163.746,0
protected,5,mmap_read_touch_unmap,16,1000,1,mmap_read_touch_unmap,10,16,1677721,103,96867391,96867.391,96.867391,940.460,0
protected,4,write_touch_cold,16,1000,1,write_touch_cold,10,16,1677721,103,150119510,150119.510,150.119510,1457.471,0
protected,5,write_touch_cold,16,1000,1,write_touch_cold,10,16,1677721,103,128798951,128798.951,128.798951,1250.475,0
protected,4,read_touch_cold,16,1000,1,read_touch_cold,10,16,1677721,103,69220828,69220.828,69.220828,672.047,0
protected,5,read_touch_cold,16,1000,1,read_touch_cold,10,16,1677721,103,74184699,74184.699,74.184699,720.240,0
protected,4,write_touch_hot,16,1000,1,write_touch_hot,10,16,1677721,103,942302,942.302,0.942302,9.149,0
protected,5,write_touch_hot,16,1000,1,write_touch_hot,10,16,1677721,103,390218,390.218,0.390218,3.789,0
protected,4,read_touch_hot,16,1000,1,read_touch_hot,10,16,1677721,103,921305,921.305,0.921305,8.945,0
protected,5,read_touch_hot,16,1000,1,read_touch_hot,10,16,1677721,103,534506,534.506,0.534506,5.189,0
protected,4,munmap_after_no_touch,16,1000,1,munmap_after_no_touch,10,16,1677721,103,3620865,3620.865,3.620865,0.000,0
protected,5,munmap_after_no_touch,16,1000,1,munmap_after_no_touch,10,16,1677721,103,3214108,3214.108,3.214108,0.000,0
protected,4,munmap_after_write_touch,16,1000,1,munmap_after_write_touch,10,16,1677721,103,14957966,14957.966,14.957966,0.000,0
protected,5,munmap_after_write_touch,16,1000,1,munmap_after_write_touch,10,16,1677721,103,16650881,16650.881,16.650881,0.000,0
protected,4,munmap_after_read_touch,16,1000,1,munmap_after_read_touch,10,16,1677721,103,25956791,25956.791,25.956791,0.000,0
protected,5,munmap_after_read_touch,16,1000,1,munmap_after_read_touch,10,16,1677721,103,23806153,23806.153,23.806153,0.000,0
protected,4,openclose,64,300,1,openclose,10,16,6710886,410,3036539,10121.797,10.121797,0.000,0
protected,5,openclose,64,300,1,openclose,10,16,6710886,410,3303223,11010.743,11.010743,0.000,0
protected,4,mmap_unmap,64,300,1,mmap_unmap,10,16,6710886,410,1582600,5275.333,5.275333,0.000,0
protected,5,mmap_unmap,64,300,1,mmap_unmap,10,16,6710886,410,1139649,3798.830,3.798830,0.000,0
protected,4,mmap_populate_unmap,64,300,1,mmap_populate_unmap,10,16,6710886,410,779206258,2597354.193,2597.354193,0.000,0
protected,5,mmap_populate_unmap,64,300,1,mmap_populate_unmap,10,16,6710886,410,777648519,2592161.730,2592.161730,0.000,0
protected,4,mmap_write_touch_unmap,64,300,1,mmap_write_touch_unmap,10,16,6710886,410,191658366,638861.220,638.861220,1558.198,0
protected,5,mmap_write_touch_unmap,64,300,1,mmap_write_touch_unmap,10,16,6710886,410,192869711,642899.037,642.899037,1568.046,0
protected,4,mmap_read_touch_unmap,64,300,1,mmap_read_touch_unmap,10,16,6710886,410,111157104,370523.680,370.523680,903.716,0
protected,5,mmap_read_touch_unmap,64,300,1,mmap_read_touch_unmap,10,16,6710886,410,122605184,408683.947,408.683947,996.790,0
protected,4,write_touch_cold,64,300,1,write_touch_cold,10,16,6710886,410,172037430,573458.100,573.458100,1398.678,0
protected,5,write_touch_cold,64,300,1,write_touch_cold,10,16,6710886,410,179230269,597434.230,597.434230,1457.157,0
protected,4,read_touch_cold,64,300,1,read_touch_cold,10,16,6710886,410,82963377,276544.590,276.544590,674.499,0
protected,5,read_touch_cold,64,300,1,read_touch_cold,10,16,6710886,410,77790406,259301.353,259.301353,632.442,0
protected,4,write_touch_hot,64,300,1,write_touch_hot,10,16,6710886,410,1218628,4062.093,4.062093,9.908,0
protected,5,write_touch_hot,64,300,1,write_touch_hot,10,16,6710886,410,491659,1638.863,1.638863,3.997,0
protected,4,read_touch_hot,64,300,1,read_touch_hot,10,16,6710886,410,784017,2613.390,2.613390,6.374,0
protected,5,read_touch_hot,64,300,1,read_touch_hot,10,16,6710886,410,1666178,5553.927,5.553927,13.546,0
protected,4,munmap_after_no_touch,64,300,1,munmap_after_no_touch,10,16,6710886,410,579099,1930.330,1.930330,0.000,0
protected,5,munmap_after_no_touch,64,300,1,munmap_after_no_touch,10,16,6710886,410,406091,1353.637,1.353637,0.000,0
protected,4,munmap_after_write_touch,64,300,1,munmap_after_write_touch,10,16,6710886,410,13690558,45635.193,45.635193,0.000,0
protected,5,munmap_after_write_touch,64,300,1,munmap_after_write_touch,10,16,6710886,410,11589479,38631.597,38.631597,0.000,0
protected,4,munmap_after_read_touch,64,300,1,munmap_after_read_touch,10,16,6710886,410,33616154,112053.847,112.053847,0.000,0
protected,5,munmap_after_read_touch,64,300,1,munmap_after_read_touch,10,16,6710886,410,24519541,81731.803,81.731803,0.000,0
