bench,variant,unit,kvmoff_median,kvmoff_MAD%,nvhe_median,nvhe_MAD%,vhe_median,vhe_MAD%,pkvm_median,pkvm_MAD%,nvhe_vs_kvmoff_%,vhe_vs_kvmoff_%,pkvm_vs_kvmoff_%,pkvm_vs_vhe_%,pkvm_vs_nvhe_%
bw_file_rd,sz0.000512,MB/s,1004.160000,0.195188,1003.030000,0.482538,1007.135000,0.445819,1003.205000,0.241227,-0.112532,0.296268,-0.095104,-0.390216,0.017447
bw_file_rd,sz0.001024,MB/s,1752.825000,0.226777,1754.095000,0.295309,1758.560000,0.113729,1751.695000,0.079066,0.072454,0.327186,-0.064467,-0.390376,-0.136823
bw_file_rd,sz0.002048,MB/s,2958.575000,0.077233,2960.235000,0.286295,2957.355000,0.243123,2950.110000,0.105928,0.056108,-0.041236,-0.286117,-0.244982,-0.342034
bw_file_rd,sz0.004096,MB/s,4519.300000,0.120705,4512.635000,0.155563,4517.915000,0.164788,4518.285000,0.177833,-0.147479,-0.030646,-0.022459,0.008190,0.125204
bw_file_rd,sz0.008192,MB/s,6043.310000,0.077276,6051.425000,0.127656,6042.255000,0.131491,6032.090000,0.296663,0.134281,-0.017457,-0.185660,-0.168232,-0.319512
bw_file_rd,sz0.016384,MB/s,7027.550000,0.383704,6991.170000,0.487043,7018.305000,0.824487,7007.255000,0.713903,-0.517677,-0.131554,-0.288792,-0.157445,0.230076
bw_file_rd,sz0.032768,MB/s,7255.920000,0.440812,7289.545000,0.494750,7358.415000,0.453087,7251.120000,0.966609,0.463415,1.412571,-0.066153,-1.458127,-0.527125
bw_file_rd,sz0.065536,MB/s,6992.725000,0.881488,7040.425000,0.338261,7034.375000,0.998596,7012.350000,0.460972,0.682138,0.595619,0.280649,-0.313105,-0.398769
bw_file_rd,sz0.131072,MB/s,7069.500000,0.252564,7059.655000,0.227561,7070.485000,0.305000,7010.565000,0.328789,-0.139260,0.013933,-0.833652,-0.847467,-0.695360
bw_file_rd,sz0.262144,MB/s,7071.475000,0.295836,7074.010000,0.349872,7061.520000,0.400622,7022.360000,0.182773,0.035848,-0.140777,-0.694551,-0.554555,-0.730138
bw_file_rd,sz0.524288,MB/s,7008.945000,0.154517,7010.220000,0.175743,7023.410000,0.130136,6969.885000,0.154594,0.018191,0.206379,-0.557288,-0.762094,-0.575374
bw_file_rd,sz1.05,MB/s,6844.635000,0.247493,6855.960000,0.311408,6864.815000,0.198694,6819.525000,0.150597,0.165458,0.294829,-0.366857,-0.659741,-0.531435
bw_file_rd,sz16.78,MB/s,5297.995000,4.460744,5006.735000,4.592414,4951.285000,1.346014,5197.255000,2.243973,-5.497551,-6.544174,-1.901474,4.967801,3.805274
bw_file_rd,sz2.10,MB/s,6350.825000,0.433330,6355.040000,0.380485,6384.650000,0.636840,6401.215000,0.241985,0.066369,0.532608,0.793440,0.259450,0.726589
bw_file_rd,sz33.55,MB/s,5755.970000,1.821934,5722.460000,3.502515,5331.390000,0.967384,5545.905000,1.754267,-0.582178,-7.376341,-3.649515,4.023622,-3.085299
bw_file_rd,sz4.19,MB/s,5129.440000,0.560685,5154.220000,0.638118,5095.480000,0.986757,5184.320000,0.247284,0.483094,-0.662061,1.069902,1.743506,0.583987
bw_file_rd,sz67.11,MB/s,6132.035000,1.874989,6118.480000,2.462049,5824.925000,1.274866,5982.300000,1.331846,-0.221052,-5.008288,-2.441848,2.701752,-2.225716
bw_file_rd,sz8.39,MB/s,4582.695000,0.619941,4714.250000,2.060137,4555.730000,0.290294,4582.065000,0.182341,2.870691,-0.588409,-0.013747,0.578063,-2.803945
bw_file_rd_o2c,sz0.000512,MB/s,276.895000,0.485744,276.785000,0.424517,277.395000,0.133384,275.980000,0.199290,-0.039726,0.180574,-0.330450,-0.510103,-0.290839
bw_file_rd_o2c,sz0.001024,MB/s,530.025000,0.127352,529.880000,0.288745,531.315000,0.111986,528.475000,0.113534,-0.027357,0.243385,-0.292439,-0.534523,-0.265154
bw_file_rd_o2c,sz0.002048,MB/s,1000.585000,0.303323,1004.490000,0.252865,1006.160000,0.265862,1000.915000,0.233786,0.390272,0.557174,0.032981,-0.521289,-0.355902
bw_file_rd_o2c,sz0.004096,MB/s,1812.835000,0.158867,1813.240000,0.400664,1813.955000,0.220237,1810.540000,0.149679,0.022341,0.061782,-0.126597,-0.188263,-0.148905
bw_file_rd_o2c,sz0.008192,MB/s,3005.300000,0.531727,3014.975000,0.477450,2991.520000,0.426038,3008.435000,0.301153,0.321931,-0.458523,0.104316,0.565432,-0.216917
bw_file_rd_o2c,sz0.016384,MB/s,4402.800000,0.169665,4382.180000,0.358269,4395.020000,0.581795,4327.260000,0.822114,-0.468338,-0.176706,-1.715726,-1.541745,-1.253258
bw_file_rd_o2c,sz0.032768,MB/s,5497.825000,0.235275,5524.190000,0.507676,5551.100000,0.584749,5430.560000,1.024204,0.479553,0.969020,-1.223484,-2.171462,-1.694909
bw_file_rd_o2c,sz0.065536,MB/s,6066.605000,0.643688,6088.060000,0.233900,6077.345000,0.700306,6012.720000,0.247725,0.353657,0.177035,-0.888223,-1.063376,-1.237504
bw_file_rd_o2c,sz0.131072,MB/s,6557.485000,0.113763,6541.080000,0.277783,6550.615000,0.214102,6482.415000,0.249984,-0.250172,-0.104766,-1.144799,-1.041124,-0.896870
bw_file_rd_o2c,sz0.262144,MB/s,6788.325000,0.224282,6790.800000,0.178182,6788.450000,0.320323,6739.375000,0.140740,0.036460,0.001841,-0.721091,-0.722919,-0.757275
bw_file_rd_o2c,sz0.524288,MB/s,6850.180000,0.205542,6863.965000,0.211394,6871.925000,0.250730,6814.805000,0.226125,0.201236,0.317437,-0.516410,-0.831208,-0.716204
bw_file_rd_o2c,sz1.05,MB/s,6760.355000,0.252575,6770.495000,0.362381,6782.145000,0.248815,6721.625000,0.185967,0.149992,0.322320,-0.572899,-0.892343,-0.721808
bw_file_rd_o2c,sz16.78,MB/s,5091.570000,5.472772,5259.335000,5.175464,4381.545000,0.942248,5213.175000,1.373156,3.294956,-13.945109,2.388360,18.980291,-0.877678
bw_file_rd_o2c,sz2.10,MB/s,6300.770000,0.330595,6316.645000,0.235885,6354.790000,0.366338,6351.220000,0.240505,0.251953,0.857356,0.800696,-0.056178,0.547363
bw_file_rd_o2c,sz33.55,MB/s,5680.450000,1.928808,5881.125000,3.088440,5307.385000,1.823120,5475.275000,0.950911,3.532731,-6.567525,-3.611950,3.163328,-6.900891
bw_file_rd_o2c,sz4.19,MB/s,5089.945000,0.883801,5141.535000,0.697165,5105.665000,0.946008,5158.815000,0.307435,1.013567,0.308844,1.353060,1.041001,0.336086
bw_file_rd_o2c,sz67.11,MB/s,6096.945000,1.487466,6173.775000,2.603512,5694.430000,1.190549,5959.055000,1.745495,1.260139,-6.601913,-2.261624,4.647085,-3.477937
bw_file_rd_o2c,sz8.39,MB/s,4567.120000,0.828421,4725.380000,2.347219,4556.140000,0.380037,4572.120000,0.688740,3.465203,-0.240414,0.109478,0.350735,-3.243337
bw_mem_bcopy_aligned,sz0.000512,MB/s,24143.035000,0.005115,24141.760000,0.005261,24141.935000,0.004536,24142.110000,0.010500,-0.005281,-0.004556,-0.003831,0.000725,0.001450
bw_mem_bcopy_aligned,sz0.001024,MB/s,25800.515000,0.069747,25853.680000,0.043495,25843.835000,0.122544,25861.430000,0.095432,0.206062,0.167904,0.236100,0.068082,0.029976
bw_mem_bcopy_aligned,sz0.002048,MB/s,27198.700000,0,27200.415000,0.004540,27198.700000,0.006287,27200.415000,0.002776,0.006305,0,0.006305,0.006305,0
bw_mem_bcopy_aligned,sz0.004096,MB/s,27960.520000,0.000787,27961.190000,0.011444,27957.990000,0.004543,27961.395000,0.012249,0.002396,-0.009048,0.003129,0.012179,0.000733
bw_mem_bcopy_aligned,sz0.008192,MB/s,28371.205000,0.017042,28369.920000,0.013588,28359.635000,0.018142,28366.065000,0.012497,-0.004529,-0.040781,-0.018117,0.022673,-0.013588
bw_mem_bcopy_aligned,sz0.016384,MB/s,28586.120000,0.009078,28578.330000,0.009098,28574.445000,0.013596,28583.520000,0.014799,-0.027251,-0.040841,-0.009095,0.031759,0.018161
bw_mem_bcopy_aligned,sz0.032768,MB/s,28689.480000,0.006588,28686.870000,0.004549,28687.815000,0.009081,28690.425000,0.004531,-0.009097,-0.005804,0.003294,0.009098,0.012392
bw_mem_bcopy_aligned,sz0.065536,MB/s,28695.815000,0.013016,28696.940000,0.001481,28696.910000,0.013015,28697.290000,0.009478,0.003920,0.003816,0.005140,0.001324,0.001220
bw_mem_bcopy_aligned,sz0.131072,MB/s,28260.965000,0.027281,28259.680000,0.027283,28262.250000,0.018187,28261.100000,0.022734,-0.004547,0.004547,0.000478,-0.004069,0.005025
bw_mem_bcopy_aligned,sz0.262144,MB/s,28314.785000,0.031838,28316.700000,0.013632,28298.080000,0.040815,28314.790000,0.024863,0.006763,-0.058997,0.000018,0.059050,-0.006745
bw_mem_bcopy_aligned,sz0.524288,MB/s,25722.290000,0.984749,25980.815000,0.815024,25806.650000,1.120738,26019.885000,0.721736,1.005062,0.327965,1.156954,0.826279,0.150380
bw_mem_bcopy_aligned,sz1.05,MB/s,19545.365000,1.286315,19558.255000,1.345033,19310.260000,0.814334,19404.500000,0.859517,0.065949,-1.202868,-0.720708,0.488031,-0.786139
bw_mem_bcopy_aligned,sz16.78,MB/s,12808.690000,0.507156,12743.265000,0.389735,12761.575000,0.367940,12854.465000,0.161656,-0.510786,-0.367836,0.357375,0.727888,0.872618
bw_mem_bcopy_aligned,sz2.10,MB/s,15930.030000,0.655962,15949.630000,2.350149,15421.920000,4.185406,14653.815000,1.912949,0.123038,-3.189636,-8.011379,-4.980606,-8.124420
bw_mem_bcopy_aligned,sz33.55,MB/s,12528.255000,0.127113,12516.225000,0.157356,12238.335000,0.219270,12380.570000,0.121642,-0.096023,-2.314129,-1.178815,1.162209,-1.083833
bw_mem_bcopy_aligned,sz4.19,MB/s,13641.765000,0.798320,13750.515000,0.420093,13832.255000,1.094579,13754.900000,1.489397,0.797184,1.396374,0.829328,-0.559236,0.031890
bw_mem_bcopy_aligned,sz8.39,MB/s,12908.375000,0.668519,12907.305000,0.724551,13208.675000,0.656122,13197.150000,0.409217,-0.008289,2.326397,2.237114,-0.087253,2.245589
bw_mem_bcopy_unaligned,sz0.000512,MB/s,24025.250000,0.009095,24025.480000,0.003829,24022.835000,0.010032,24025.250000,0.002435,0.000957,-0.010052,0,0.010053,-0.000957
bw_mem_bcopy_unaligned,sz0.001024,MB/s,25776.530000,0.001028,25776.530000,0,25776,0.004559,25776.530000,0,0,-0.002056,0,0.002056,0
bw_mem_bcopy_unaligned,sz0.002048,MB/s,27072.340000,0.006593,27069.430000,0.010732,27067.420000,0.016514,27066.975000,0.009070,-0.010749,-0.018174,-0.019817,-0.001644,-0.009069
bw_mem_bcopy_unaligned,sz0.004096,MB/s,27805.320000,0.000324,27804.055000,0.013613,27805.320000,0,27805.320000,0.004855,-0.004549,0,0,0,0.004550
bw_mem_bcopy_unaligned,sz0.008192,MB/s,28316.010000,0.009941,28300.310000,0.049770,28318.750000,0.047760,28253.380000,0.010884,-0.055446,0.009677,-0.221182,-0.230836,-0.165829
bw_mem_bcopy_unaligned,sz0.016384,MB/s,28562.410000,0.009085,28562.780000,0.027291,28563.710000,0.012341,28539.490000,0.012159,0.001295,0.004551,-0.080245,-0.084793,-0.081540
bw_mem_bcopy_unaligned,sz0.032768,MB/s,28679.635000,0.007096,28684.920000,0.012358,28680.935000,0.010355,28680.255000,0.006712,0.018428,0.004533,0.002162,-0.002371,-0.016263
bw_mem_bcopy_unaligned,sz0.065536,MB/s,28694.510000,0.009078,28694.820000,0.007388,28694.330000,0.007423,28694.640000,0.006168,0.001080,-0.000627,0.000453,0.001080,-0.000627
bw_mem_bcopy_unaligned,sz0.131072,MB/s,28248.125000,0.018692,28251.970000,0.009097,28248.125000,0.018178,28251.970000,0.009097,0.013612,0,0.013612,0.013612,0
bw_mem_bcopy_unaligned,sz0.262144,MB/s,28275.565000,0.090874,28229.385000,0.252219,28231.990000,0.193185,28173.610000,0.154027,-0.163321,-0.154108,-0.360576,-0.206787,-0.197578
bw_mem_bcopy_unaligned,sz0.524288,MB/s,25136.050000,0.334659,25117.375000,2.139873,25002.160000,1.864179,24720.815000,1.632470,-0.074296,-0.532661,-1.651950,-1.125283,-1.578827
bw_mem_bcopy_unaligned,sz1.05,MB/s,18646.835000,0.922301,19072.270000,1.164465,18413.040000,1.486990,18393.325000,1.006126,2.281540,-1.253805,-1.359534,-0.107071,-3.559854
bw_mem_bcopy_unaligned,sz16.78,MB/s,12518.750000,0.282017,12506.635000,0.271496,11975.175000,0.295278,12238.340000,0.251464,-0.096775,-4.342087,-2.239920,2.197588,-2.145221
bw_mem_bcopy_unaligned,sz2.10,MB/s,14868.325000,0.954277,14876.235000,1.188641,14320.315000,0.453307,14269.580000,0.889515,0.053200,-3.685755,-4.026984,-0.354287,-4.078014
bw_mem_bcopy_unaligned,sz33.55,MB/s,12504.455000,0.231238,12491.430000,0.238323,12171.740000,0.318401,12346.060000,0.222095,-0.104163,-2.660772,-1.266709,1.432170,-1.163758
bw_mem_bcopy_unaligned,sz4.19,MB/s,12990.490000,0.394057,13000.670000,0.548895,12336.555000,0.724959,12696.930000,1.020483,0.078365,-5.033952,-2.259807,2.921196,-2.336341
bw_mem_bcopy_unaligned,sz8.39,MB/s,12609.985000,0.566139,12623.380000,0.217454,12039.630000,0.272890,12298.420000,0.427697,0.106225,-4.523043,-2.470780,2.149485,-2.574271
bw_mem_bzero,sz0.000512,MB/s,38374.370000,0.001094,38374.790000,0.007974,38372.625000,0.009082,38374.370000,0,0.001094,-0.004547,0,0.004548,-0.001094
bw_mem_bzero,sz0.001024,MB/s,46051.290000,0.004973,46053.010000,0.004538,46049.400000,0.007557,46053.180000,0.000869,0.003735,-0.004104,0.004104,0.008209,0.000369
bw_mem_bzero,sz0.002048,MB/s,51168.710000,0,51168.710000,0,51168.710000,0.006889,51168.710000,0,0,0,0,0,0
bw_mem_bzero,sz0.004096,MB/s,54179.180000,0.003562,54179.180000,0.003562,54177.250000,0.005537,54175.750000,0.002769,0,-0.003562,-0.006331,-0.002769,-0.006331
bw_mem_bzero,sz0.008192,MB/s,55821.310000,0.001612,55821.135000,0.003431,55819.650000,0.006109,55821.310000,0.009083,-0.000314,-0.002974,0,0.002974,0.000314
bw_mem_bzero,sz0.016384,MB/s,56677.330000,0.004561,56676.685000,0.004543,56677.320000,0.009104,56677.320000,0.005919,-0.001138,-0.000018,-0.000018,0,0.001120
bw_mem_bzero,sz0.032768,MB/s,57118.890000,0.003221,57118.890000,0.002626,57118.890000,0.001313,57115.210000,0.002661,0,0,-0.006443,-0.006443,-0.006443
bw_mem_bzero,sz0.065536,MB/s,57335.810000,0,57338.415000,0.004543,57335.810000,0.004543,57341.020000,0,0.004543,0,0.009087,0.009087,0.004543
bw_mem_bzero,sz0.131072,MB/s,57448.880000,0.003708,57448.880000,0.004552,57447.815000,0.004587,57446.275000,0.009931,0,-0.001854,-0.004534,-0.002681,-0.004534
bw_mem_bzero,sz0.262144,MB/s,57274.770000,0.372171,57481.055000,0.043345,57337.760000,0.280688,57250.690000,0.348747,0.360167,0.109979,-0.042043,-0.151855,-0.400767
bw_mem_bzero,sz0.524288,MB/s,55394.755000,1.298507,56190.405000,0.639282,55217.140000,0.571154,55295.670000,1.048699,1.436327,-0.320635,-0.178871,0.142220,-1.592327
bw_mem_bzero,sz1.05,MB/s,52055.230000,1.388035,52408.655000,0.419158,50979.150000,1.275443,51895.070000,0.766817,0.678942,-2.067189,-0.307673,1.796656,-0.979962
bw_mem_bzero,sz16.78,MB/s,44188.665000,0.471988,44363.950000,0.478497,41826.875000,0.304087,43270.185000,0.467655,0.396674,-5.344787,-2.078542,3.450676,-2.465436
bw_mem_bzero,sz2.10,MB/s,48405.630000,5.625606,51069.010000,0.636247,50972.375000,0.397088,51010.720000,0.239459,5.502211,5.302575,5.381791,0.075227,-0.114140
bw_mem_bzero,sz33.55,MB/s,41608.780000,0.390002,41736.235000,0.328300,39678.685000,0.310620,40760.265000,0.351261,0.306318,-4.638672,-2.039269,2.725846,-2.338424
bw_mem_bzero,sz4.19,MB/s,48285.995000,1.348704,48395.560000,1.199325,48283.800000,0.738964,48276.930000,0.644832,0.226908,-0.004546,-0.018774,-0.014228,-0.245126
bw_mem_bzero,sz67.11,MB/s,41913.115000,0.249910,41913.100000,0.386609,40659.720000,0.269763,41328.650000,0.215069,-0.000036,-2.990460,-1.394468,1.645191,-1.394433
bw_mem_bzero,sz8.39,MB/s,46117.690000,0.521579,46059.585000,0.454259,44445.280000,0.579713,46038.575000,0.658274,-0.125993,-3.626396,-0.171550,3.584846,-0.045615
bw_mem_cp,sz0.000512,MB/s,25583.870000,0.000156,25583.870000,0.004866,25582.415000,0.004417,25584.360000,0.002502,0,-0.005687,0.001915,0.007603,0.001915
bw_mem_cp,sz0.001024,MB/s,27089.590000,0,27089.590000,0,27089.590000,0.000037,27089.590000,0.003322,0,0,0,0,0
bw_mem_cp,sz0.002048,MB/s,27909.295000,0.001738,27911.340000,0.003511,27908.810000,0.001218,27909.780000,0.001738,0.007327,-0.001738,0.001738,0.003476,-0.005589
bw_mem_cp,sz0.004096,MB/s,28340.220000,0,28339.580000,0.002258,28337.010000,0.006829,28337.650000,0,-0.002258,-0.011327,-0.009068,0.002259,-0.006810
bw_mem_cp,sz0.008192,MB/s,28558.605000,0.002434,28558.520000,0,28558.520000,0.002434,28557.915000,0.004535,-0.000298,-0.000298,-0.002416,-0.002118,-0.002118
bw_mem_cp,sz0.016384,MB/s,28669.025000,0.001273,28669.390000,0.002546,28667.720000,0.003279,28668.660000,0.007813,0.001273,-0.004552,-0.001273,0.003279,-0.002546
bw_mem_cp,sz0.032768,MB/s,28503.880000,0.011156,28501.880000,0.013613,28499.285000,0.013649,28500.580000,0.011579,-0.007017,-0.016121,-0.011577,0.004544,-0.004561
bw_mem_cp,sz0.065536,MB/s,18003.710000,0.042408,17984.300000,0.082600,17991.445000,0.109024,17987.580000,0.110882,-0.107811,-0.068125,-0.089593,-0.021482,0.018238
bw_mem_cp,sz0.131072,MB/s,18032.070000,0.297636,18025.360000,0.185489,18007.860000,0.184919,17991.555000,0.175527,-0.037211,-0.134261,-0.224683,-0.090544,-0.187541
bw_mem_cp,sz0.262144,MB/s,16833.960000,0.889630,16827.745000,1.552198,16610.080000,1.351288,16624.605000,1.816194,-0.036919,-1.329931,-1.243647,0.087447,-1.207173
bw_mem_cp,sz0.524288,MB/s,13730.540000,0.171807,13682.775000,0.344302,13667.625000,0.226009,13682.110000,0.250144,-0.347874,-0.458212,-0.352717,0.105980,-0.004860
bw_mem_cp,sz1.05,MB/s,12718.790000,0.564952,12685.960000,0.274358,12666.395000,0.267914,12693.615000,0.254262,-0.258122,-0.411950,-0.197935,0.214899,0.060342
bw_mem_cp,sz16.78,MB/s,6714.375000,0.138062,6712.495000,0.259888,6637.610000,0.134612,6683.885000,0.079669,-0.028000,-1.143293,-0.454100,0.697164,-0.426220
bw_mem_cp,sz2.10,MB/s,11657.215000,0.265243,11651.925000,0.230949,11661.070000,0.204355,11643.360000,0.185084,-0.045380,0.033070,-0.118853,-0.151873,-0.073507
bw_mem_cp,sz33.55,MB/s,6628.690000,0.102132,6622.805000,0.160883,6606.500000,0.081889,6611.275000,0.062469,-0.088781,-0.334757,-0.262722,0.072277,-0.174095
bw_mem_cp,sz4.19,MB/s,8361.265000,0.638241,8338.185000,0.241419,8223.745000,0.612434,8276.675000,0.193012,-0.276035,-1.644727,-1.011689,0.643624,-0.737691
bw_mem_cp,sz8.39,MB/s,6916.550000,0.745314,6538.740000,5.559404,6816.625000,0.451983,6649.700000,4.263877,-5.462405,-1.444723,-3.858137,-2.448792,1.696963
bw_mem_fcp,sz0.000512,MB/s,6977.325000,0.004586,6977.325000,0.001792,6976.810000,0.003440,6977.450000,0.001791,0,-0.007381,0.001792,0.009173,0.001792
bw_mem_fcp,sz0.001024,MB/s,7084.730000,0.004587,7084.570000,0.004940,7084.685000,0.004587,7085.060000,0.002258,-0.002258,-0.000635,0.004658,0.005293,0.006916
bw_mem_fcp,sz0.002048,MB/s,7139.630000,0.002731,7139.900000,0.003782,7139.630000,0.002101,7139.630000,0.006653,0.003782,0,0,0,-0.003782
bw_mem_fcp,sz0.004096,MB/s,7167.580000,0.004534,7167.160000,0.001325,7166.930000,0.005860,7167.255000,0.001325,-0.005860,-0.009069,-0.004534,0.004535,0.001325
bw_mem_fcp,sz0.008192,MB/s,7181.500000,0.004526,7181.500000,0.001741,7181.300000,0.006266,7181.300000,0.006336,0,-0.002785,-0.002785,0,-0.002785
bw_mem_fcp,sz0.016384,MB/s,7188.330000,0.004521,7188.370000,0.001113,7188.370000,0,7188.330000,0.003617,0.000556,0.000556,0,-0.000556,-0.000556
bw_mem_fcp,sz0.032768,MB/s,7191.960000,0.004519,7191.960000,0,7191.310000,0.009039,7191.960000,0,0,-0.009038,0,0.009039,0
bw_mem_fcp,sz0.065536,MB/s,7186.590000,0.005566,7186.515000,0.010088,7186.590000,0.006957,7186.190000,0.005566,-0.001044,0,-0.005566,-0.005566,-0.004522
bw_mem_fcp,sz0.131072,MB/s,7160.840000,0.000978,7160.700000,0.001955,7160.700000,0.001955,7160.190000,0.000978,-0.001955,-0.001955,-0.009077,-0.007122,-0.007122
bw_mem_fcp,sz0.262144,MB/s,7161.690000,0.002793,7161.490000,0.005585,7160.515000,0.020878,7161.490000,0.001745,-0.002793,-0.016407,-0.002793,0.013616,0
bw_mem_fcp,sz0.524288,MB/s,7162.080000,0.006283,7161.890000,0,7161.565000,0.009006,7161.565000,0.004538,-0.002653,-0.007191,-0.007191,0,-0.004538
bw_mem_fcp,sz1.05,MB/s,7162.020000,0.004538,7162.400000,0,7161.750000,0.004538,7162.020000,0.007121,0.005306,-0.003770,0,0.003770,-0.005305
bw_mem_fcp,sz16.78,MB/s,7150.190000,0.042656,7151.410000,0.008530,7152.630000,0.017057,7153.545000,0.012791,0.017062,0.034125,0.046922,0.012792,0.029854
bw_mem_fcp,sz2.10,MB/s,7154.300000,0.022504,7157.515000,0.026895,7156.875000,0.017955,7155.910000,0.008944,0.044938,0.035992,0.022504,-0.013484,-0.022424
bw_mem_fcp,sz33.55,MB/s,7149.890000,0.021329,7150.400000,0.007132,7150.400000,0.007132,7149.635000,0.003567,0.007133,0.007133,-0.003566,-0.010699,-0.010699
bw_mem_fcp,sz4.19,MB/s,7150.450000,0.053843,7152.700000,0.040404,7154.300000,0.026907,7153.340000,0.013420,0.031467,0.053843,0.040417,-0.013419,0.008948
bw_mem_fcp,sz8.39,MB/s,7153.240000,0.021319,7151.410000,0.034049,7153.850000,0.017054,7152.935000,0.008528,-0.025583,0.008528,-0.004264,-0.012790,0.021324
bw_mem_frd,sz0.000512,MB/s,9172.990000,0.008394,9201.360000,0.011629,9173.410000,0.007304,9172.230000,0.008286,0.309278,0.004579,-0.008285,-0.012863,-0.316584
bw_mem_frd,sz0.001024,MB/s,9285.135000,0.011901,9313.330000,0.024588,9283.870000,0.018204,9284.450000,0.011955,0.303657,-0.013624,-0.007377,0.006247,-0.310093
bw_mem_frd,sz0.002048,MB/s,9336.695000,0.005837,9365.725000,0.009289,9335.550000,0.012319,9335.850000,0.004499,0.310924,-0.012263,-0.009050,0.003214,-0.318982
bw_mem_frd,sz0.004096,MB/s,9364.230000,0.007048,9393.940000,0.002448,9362.765000,0.011642,9363.190000,0.004539,0.317271,-0.015645,-0.011106,0.004539,-0.327339
bw_mem_frd,sz0.008192,MB/s,9377.170000,0.006985,9406.555000,0.013661,9377.600000,0.006665,9377.175000,0.004586,0.313367,0.004586,0.000053,-0.004532,-0.312335
bw_mem_frd,sz0.016384,MB/s,9384.280000,0.011562,9413.955000,0.000850,9385.040000,0.005594,9383.655000,0.009112,0.316220,0.008099,-0.006660,-0.014758,-0.321863
bw_mem_frd,sz0.032768,MB/s,9387.775000,0.009693,9418.120000,0.005415,9387.405000,0.009055,9386.925000,0.013636,0.323240,-0.003941,-0.009054,-0.005113,-0.331223
bw_mem_frd,sz0.065536,MB/s,9387.375000,0.017896,9417.595000,0.009822,9388.255000,0.013634,9386.980000,0.002663,0.321922,0.009374,-0.004208,-0.013581,-0.325083
bw_mem_frd,sz0.131072,MB/s,9220.700000,0.021745,9237.720000,0.021813,9216.515000,0.016221,9217.350000,0.031734,0.184585,-0.045387,-0.036331,0.009060,-0.220509
bw_mem_frd,sz0.262144,MB/s,9224.380000,0.009106,9243.590000,0.009033,9224.030000,0.008348,9223.895000,0.009053,0.208252,-0.003794,-0.005258,-0.001464,-0.213067
bw_mem_frd,sz0.524288,MB/s,9218.040000,0.009004,9237.300000,0.016996,9216.420000,0.017577,9217.210000,0.018118,0.208938,-0.017574,-0.009004,0.008572,-0.217488
bw_mem_frd,sz1.05,MB/s,9217.210000,0.009005,9238.560000,0.004492,9216.370000,0.009114,9216.790000,0.004557,0.231632,-0.009113,-0.004557,0.004557,-0.235643
bw_mem_frd,sz16.78,MB/s,9079.420000,0.511707,9072.855000,0.265187,9044.320000,0.103269,9050.835000,0.295940,-0.072306,-0.386589,-0.314833,0.072034,-0.242702
bw_mem_frd,sz2.10,MB/s,9216.180000,0,9237.720000,0.008985,9216.140000,0.008463,9215.360000,0,0.233719,-0.000434,-0.008897,-0.008463,-0.242051
bw_mem_frd,sz33.55,MB/s,9161.830000,0.038693,9180,0.045643,9159.540000,0.091053,9157.040000,0.022715,0.198323,-0.024995,-0.052282,-0.027294,-0.250109
bw_mem_frd,sz4.19,MB/s,9217.425000,0.008625,9236.930000,0.008823,9215.820000,0.013021,9216.595000,0.004394,0.211610,-0.017413,-0.009005,0.008409,-0.220149
bw_mem_frd,sz67.11,MB/s,9150.690000,0.017048,9174.770000,0.051336,9153.495000,0.105752,9155.370000,0.030692,0.263150,0.030653,0.051144,0.020484,-0.211449
bw_mem_frd,sz8.39,MB/s,9116.400000,0.027149,9134.185000,0.036292,9120.115000,0.036239,9120.120000,0.063431,0.195088,0.040751,0.040806,0.000055,-0.153982
bw_mem_fwr,sz0.000512,MB/s,13544.800000,0,13543.910000,0.002584,13543.790000,0.004504,13544.410000,0.004578,-0.006571,-0.007457,-0.002879,0.004578,0.003692
bw_mem_fwr,sz0.001024,MB/s,13955.125000,0.003905,13955.670000,0.003511,13954.890000,0.004550,13955.670000,0.008097,0.003905,-0.001684,0.003905,0.005589,0
bw_mem_fwr,sz0.002048,MB/s,14169.470000,0.004517,14169.790000,0.002258,14168.820000,0.004517,14169.790000,0.002258,0.002258,-0.004587,0.002258,0.006846,0
bw_mem_fwr,sz0.004096,MB/s,14279.605000,0.002416,14279.260000,0.009104,14279.260000,0.007703,14279.260000,0.002101,-0.002416,-0.002416,-0.002416,0,0
bw_mem_fwr,sz0.008192,MB/s,14334.510000,0.004535,14334.690000,0.004534,14334.690000,0.003279,14334.690000,0.004534,0.001256,0.001256,0.001256,0,0
bw_mem_fwr,sz0.016384,MB/s,14363.500000,0.005570,14362.990000,0.003551,14362.990000,0.003551,14362.595000,0.002750,-0.003551,-0.003551,-0.006301,-0.002750,-0.002750
bw_mem_fwr,sz0.032768,MB/s,14377.310000,0.005077,14376.730000,0.001495,14376.730000,0.000522,14376.730000,0,-0.004034,-0.004034,-0.004034,0,0
bw_mem_fwr,sz0.065536,MB/s,14382.620000,0.004554,14383.265000,0.004519,14383.265000,0.004554,14383.265000,0.004589,0.004485,0.004485,0.004485,0,0
bw_mem_fwr,sz0.131072,MB/s,14387.550000,0.001008,14386.530000,0.004553,14387.040000,0.004553,14386.240000,0.009106,-0.007089,-0.003545,-0.009105,-0.005561,-0.002016
bw_mem_fwr,sz0.262144,MB/s,14246.440000,0.001825,14246.050000,0.006318,14246.700000,0.007230,14246.440000,0.007265,-0.002738,0.001825,0,-0.001825,0.002738
bw_mem_fwr,sz0.524288,MB/s,14248.895000,0.004527,14248.380000,0.008141,14248.250000,0.009054,14248.380000,0.004527,-0.003614,-0.004527,-0.003614,0.000912,0
bw_mem_fwr,sz1.05,MB/s,14249.540000,0,14248.895000,0.004527,14248.780000,0.005334,14249.540000,0,-0.004526,-0.005334,0,0.005334,0.004527
bw_mem_fwr,sz16.78,MB/s,14246.960000,0.008493,14246.960000,0.050923,14246.960000,0.008493,14244.540000,0.008494,0,0,-0.016986,-0.016986,-0.016986
bw_mem_fwr,sz2.10,MB/s,14248.250000,0.009054,14248.250000,0.004527,14247.605000,0.013581,14248.250000,0,0,-0.004527,0,0.004527,0
bw_mem_fwr,sz33.55,MB/s,14251.195000,0.021226,14249.380000,0.025475,14247.565000,0.016985,14245.145000,0.012741,-0.012736,-0.025472,-0.042453,-0.016985,-0.029721
bw_mem_fwr,sz4.19,MB/s,14246.045000,0.008178,14245.940000,0.008915,14245.300000,0.004493,14243.390000,0.013375,-0.000737,-0.005230,-0.018637,-0.013408,-0.017900
bw_mem_fwr,sz67.11,MB/s,14250.685000,0.021192,14250.685000,0.024736,14248.170000,0.010563,14245.645000,0.010635,0,-0.017648,-0.035367,-0.017722,-0.035367
bw_mem_fwr,sz8.39,MB/s,14246.575000,0.008950,14245.940000,0.004457,14245.940000,0.008950,14242.120000,0.008917,-0.004457,-0.004457,-0.031271,-0.026815,-0.026815
bw_mem_rd,sz0.000512,MB/s,45050.945000,0.035371,45183.960000,0.017794,45046.820000,0.017693,45044.770000,0.020535,0.295255,-0.009156,-0.013707,-0.004551,-0.308052
bw_mem_rd,sz0.001024,MB/s,46690.770000,0.022499,46823.295000,0.010689,46685.220000,0.030267,46686.530000,0.021077,0.283836,-0.011887,-0.009081,0.002806,-0.292088
bw_mem_rd,sz0.002048,MB/s,47525.100000,0.030437,47682.240000,0.013642,47534.505000,0.015221,47504.295000,0.027282,0.330646,0.019790,-0.043777,-0.063554,-0.373189
bw_mem_rd,sz0.004096,MB/s,48094.380000,0.016332,48245.025000,0.015110,48091.260000,0.006488,48057.440000,0.009093,0.313228,-0.006487,-0.076807,-0.070325,-0.388817
bw_mem_rd,sz0.008192,MB/s,48361.860000,0.009077,48524.840000,0.015435,48352.825000,0.018189,48352.075000,0.016204,0.337001,-0.018682,-0.020233,-0.001551,-0.356034
bw_mem_rd,sz0.016384,MB/s,48500.215000,0.009093,48668.215000,0.013613,48515.660000,0.037658,48495.805000,0.026528,0.346390,0.031845,-0.009093,-0.040925,-0.354256
bw_mem_rd,sz0.032768,MB/s,48576.795000,0.013659,48742.960000,0.014864,48567.315000,0.027271,48551.155000,0.027311,0.342067,-0.019515,-0.052782,-0.033273,-0.393503
bw_mem_rd,sz0.065536,MB/s,48602.875000,0.020945,48766.165000,0.031343,48602.440000,0.018168,48592.620000,0.026424,0.335968,-0.000895,-0.021100,-0.020205,-0.355872
bw_mem_rd,sz0.131072,MB/s,37362.340000,0.024356,37404.940000,0.031774,37363.850000,0.026750,37377.790000,0.031757,0.114019,0.004042,0.041352,0.037309,-0.072584
bw_mem_rd,sz0.262144,MB/s,37285.770000,0.009092,37334.975000,0.016285,37249.965000,0.091597,37262.025000,0.055204,0.131967,-0.096029,-0.063684,0.032376,-0.195393
bw_mem_rd,sz0.524288,MB/s,35142.795000,0.839290,35253.310000,0.167020,33976.380000,1.417058,34720.485000,1.142884,0.314474,-3.319073,-1.201697,2.190066,-1.511418
bw_mem_rd,sz1.05,MB/s,29582.730000,0.110977,29554.430000,0.348882,29456.835000,0.301356,29466.110000,0.406111,-0.095664,-0.425569,-0.394216,0.031487,-0.298838
bw_mem_rd,sz16.78,MB/s,18622.885000,1.968224,18816.805000,1.532566,15793.655000,7.208496,15084.040000,1.571396,1.041299,-15.192222,-19.002668,-4.493039,-19.837401
bw_mem_rd,sz2.10,MB/s,28465.955000,0.252863,28451.490000,0.352003,28082.590000,0.152034,28211.520000,0.286780,-0.050815,-1.346749,-0.893822,0.459110,-0.843436
bw_mem_rd,sz33.55,MB/s,18099.490000,0.535181,18074.895000,0.525231,17290.910000,0.279858,17699.040000,0.176196,-0.135888,-4.467419,-2.212493,2.360373,-2.079431
bw_mem_rd,sz4.19,MB/s,25946.935000,1.023146,26187.270000,1.113614,26002.700000,0.470278,26044.115000,0.388437,0.926256,0.214919,0.374534,0.159272,-0.546659
bw_mem_rd,sz67.11,MB/s,18446.035000,0.441721,18403.695000,0.375169,17837.035000,0.429752,18153.890000,0.302222,-0.229534,-3.301523,-1.583782,1.776388,-1.357363
bw_mem_rd,sz8.39,MB/s,16445.325000,0.231190,16422.735000,0.518306,15945.535000,1.049322,16295.035000,0.331144,-0.137364,-3.039101,-0.913877,2.191836,-0.777581
bw_mem_rdwr,sz0.000512,MB/s,25584.115000,0.000958,25583.870000,0.003596,25584.115000,0.000958,25583.545000,0.004554,-0.000958,0,-0.002228,-0.002228,-0.001270
bw_mem_rdwr,sz0.001024,MB/s,27089.590000,0,27089.590000,0.005722,27089.590000,0.006220,27087.580000,0.007420,0,0,-0.007420,-0.007420,-0.007420
bw_mem_rdwr,sz0.002048,MB/s,27910.075000,0.005751,27909.780000,0.003475,27909.780000,0.004532,27908.810000,0.004013,-0.001057,-0.001057,-0.004532,-0.003475,-0.003475
bw_mem_rdwr,sz0.004096,MB/s,28339.580000,0.004534,28339.580000,0.004534,28340.220000,0.004534,28338.405000,0.002664,0,0.002258,-0.004146,-0.006404,-0.004146
bw_mem_rdwr,sz0.008192,MB/s,28558.520000,0.004237,28558.520000,0.002399,28558.520000,0,28557.915000,0.002119,0,0,-0.002118,-0.002118,-0.002118
bw_mem_rdwr,sz0.016384,MB/s,28671.260000,0.002581,28669.390000,0.004534,28671.260000,0.001290,28668.660000,0.001273,-0.006522,0,-0.009068,-0.009068,-0.002546
bw_mem_rdwr,sz0.032768,MB/s,28725.990000,0.003551,28725.195000,0.002768,28725.990000,0,28723.380000,0.004526,-0.002768,0,-0.009086,-0.009086,-0.006318
bw_mem_rdwr,sz0.065536,MB/s,28642.985000,0.005237,28641.480000,0.009078,28644.090000,0.004573,28642.785000,0.004556,-0.005254,0.003858,-0.000698,-0.004556,0.004556
bw_mem_rdwr,sz0.131072,MB/s,20308.770000,0.018169,20312.470000,0.026388,20306.175000,0.012804,20308.770000,0.012827,0.018219,-0.012778,0,0.012779,-0.018215
bw_mem_rdwr,sz0.262144,MB/s,20305.840000,0.009086,20309.525000,0.004530,20304.920000,0.014578,20307.600000,0.009061,0.018147,-0.004531,0.008667,0.013199,-0.009478
bw_mem_rdwr,sz0.524288,MB/s,20310.020000,0.009084,20312.780000,0.009058,20310.940000,0.016444,20312.780000,0.015335,0.013589,0.004530,0.013589,0.009059,0
bw_mem_rdwr,sz1.05,MB/s,20336.710000,0.009048,20338.550000,0.009047,20338.550000,0.009071,20336.710000,0.009048,0.009048,0.009048,0,-0.009047,-0.009047
bw_mem_rdwr,sz16.78,MB/s,11016.415000,0.107839,10515.580000,4.612870,10990.195000,0.073702,10943.670000,0.939584,-4.546261,-0.238008,-0.660333,-0.423332,4.071007
bw_mem_rdwr,sz2.10,MB/s,20344.090000,0.004522,20345.860000,0.004522,20342.240000,0.009070,20342.240000,0.004154,0.008700,-0.009094,-0.009094,0,-0.017792
bw_mem_rdwr,sz33.55,MB/s,10571.655000,0.074775,10573.735000,0.110179,10551.710000,0.051129,10560.840000,0.058992,0.019675,-0.188665,-0.102302,0.086526,-0.121953
bw_mem_rdwr,sz4.19,MB/s,20310.935000,0.022993,20303.430000,0.034945,20306.675000,0.018615,20294.125000,0.045358,-0.036951,-0.020974,-0.082763,-0.061802,-0.045830
bw_mem_rdwr,sz67.11,MB/s,10358.305000,0.077233,10356.705000,0.019263,10287.640000,0.095795,10321.660000,0.042290,-0.015447,-0.682206,-0.353774,0.330688,-0.338380
bw_mem_rdwr,sz8.39,MB/s,12991.125000,0.293508,12971.290000,0.120805,13009.960000,0.334513,13035.280000,0.292207,-0.152681,0.144984,0.339886,0.194620,0.493320
bw_mem_wr,sz0.000512,MB/s,51166.950000,0.003342,51168.660000,0.006215,51167.805000,0.007417,51166.950000,0.005746,0.003342,0.001671,0,-0.001671,-0.003342
bw_mem_wr,sz0.001024,MB/s,51167.740000,0,51167.740000,0.000948,51168.225000,0.000948,51168.225000,0.004534,0,0.000948,0.000948,0,0.000948
bw_mem_wr,sz0.002048,MB/s,54179.180000,0,54176.715000,0.006497,54179.180000,0.004550,54174.250000,0.004550,-0.004550,0,-0.009099,-0.009099,-0.004550
bw_mem_wr,sz0.004096,MB/s,55821.120000,0.004532,55818.590000,0.001738,55819.560000,0.004532,55818.590000,0.007327,-0.004532,-0.002795,-0.004532,-0.001738,0
bw_mem_wr,sz0.008192,MB/s,56679.160000,0.005663,56677.870000,0.004552,56677.870000,0.004534,56675.300000,0.006811,-0.002276,-0.002276,-0.006810,-0.004534,-0.004534
bw_mem_wr,sz0.016384,MB/s,57117.040000,0.001917,57117.040000,0,57120.235000,0.003493,57119.475000,0.004823,0,0.005594,0.004263,-0.001331,0.004263
bw_mem_wr,sz0.032768,MB/s,57338.045000,0.004535,57338.045000,0.001282,57342.510000,0.001299,57337.310000,0.002564,0,0.007787,-0.001282,-0.009068,-0.001282
bw_mem_wr,sz0.065536,MB/s,57297.050000,0,57291.840000,0.005027,57291.840000,0.004538,57291.840000,0.002025,-0.009093,-0.009093,-0.009093,0,0
bw_mem_wr,sz0.131072,MB/s,40227.500000,3.648723,39555.480000,1.276802,39508.650000,0.440106,39044.550000,1.838464,-1.670549,-1.786962,-2.940650,-1.174679,-1.291679
bw_mem_wr,sz0.262144,MB/s,52519.975000,2.188710,52080.595000,1.166202,44414.670000,15.788882,52549.405000,0.079087,-0.836596,-15.432804,0.056036,18.315424,0.900163
bw_mem_wr,sz0.524288,MB/s,31758.315000,5.454068,32706.175000,2.328765,32089.340000,1.302161,32465.530000,1.233878,2.984604,1.042325,2.226866,1.172321,-0.735778
bw_mem_wr,sz1.05,MB/s,23747.020000,0.206700,23605.080000,0.394110,23764.190000,0.571238,23721.720000,0.474418,-0.597717,0.072304,-0.106540,-0.178714,0.494131
bw_mem_wr,sz16.78,MB/s,7600.655000,5.587676,7954.040000,1.914813,7912.665000,1.526161,7716.730000,3.782820,4.649402,4.105041,1.527171,-2.476220,-2.983515
bw_mem_wr,sz2.10,MB/s,22048.170000,1.033782,21797.200000,0.817123,21862.635000,0.796862,21831.105000,0.668335,-1.138280,-0.841498,-0.984503,-0.144219,0.155548
bw_mem_wr,sz33.55,MB/s,7688.040000,0.080189,7688.330000,0.072512,7597.515000,0.120566,7645.120000,0.270434,0.003772,-1.177478,-0.558270,0.626586,-0.562021
bw_mem_wr,sz4.19,MB/s,17633.685000,0.071483,17661.880000,0.085551,17632.180000,0.088758,17635.330000,0.050524,0.159893,-0.008535,0.009329,0.017865,-0.150324
bw_mem_wr,sz67.11,MB/s,7583.570000,0.076217,7581.210000,0.067799,7531.015000,0.098260,7562.630000,0.050710,-0.031120,-0.693011,-0.276123,0.419797,-0.245080
bw_mem_wr,sz8.39,MB/s,9371.180000,0.889056,9273.835000,1.304315,9056.305000,0.589700,9260.825000,0.931828,-1.038770,-3.360036,-1.177600,2.258316,-0.140287
bw_mmap_rd,sz0.000512,MB/s,21419.045000,0.006466,21419.090000,0,21418.115000,0.004552,21418.415000,0.004786,0.000210,-0.004342,-0.002941,0.001401,-0.003151
bw_mmap_rd,sz0.001024,MB/s,17489.050000,0.008891,17524.020000,0.009672,17489.050000,0.009091,17488.255000,0.004546,0.199954,0,-0.004546,-0.004546,-0.204091
bw_mmap_rd,sz0.002048,MB/s,18104.930000,0,18160.500000,0.000826,18104.930000,0.009114,18103.490000,0.010191,0.306933,0,-0.007954,-0.007954,-0.313923
bw_mmap_rd,sz0.004096,MB/s,18438.330000,0.008081,18496.005000,0.009110,18436.840000,0.009058,18437.855000,0.004556,0.312799,-0.008081,-0.002576,0.005505,-0.314392
bw_mmap_rd,sz0.008192,MB/s,18608.295000,0.009109,18667.470000,0.009107,18609.025000,0.013622,18609.140000,0.005159,0.318003,0.003923,0.004541,0.000618,-0.312469
bw_mmap_rd,sz0.016384,MB/s,18698.625000,0.004519,18754.340000,0.013650,18696.075000,0.009093,18695.680000,0.006659,0.297963,-0.013637,-0.015750,-0.002113,-0.312781
bw_mmap_rd,sz0.032768,MB/s,18742.220000,0.005629,18800.285000,0.009069,18739.460000,0.010166,18741.160000,0.007977,0.309809,-0.014726,-0.005656,0.009072,-0.314490
bw_mmap_rd,sz0.065536,MB/s,18665.900000,0.008384,18722.020000,0.009080,18665.770000,0.009108,18664.920000,0.005250,0.300655,-0.000696,-0.005250,-0.004554,-0.304988
bw_mmap_rd,sz0.131072,MB/s,18257.395000,0.019882,18302.955000,0.022701,18244.955000,0.025212,18257.840000,0.011201,0.249543,-0.068137,0.002437,0.070622,-0.246490
bw_mmap_rd,sz0.262144,MB/s,18261.980000,0.009090,18309.865000,0.037767,18259.500000,0.031792,18263.640000,0.013634,0.262211,-0.013580,0.009090,0.022673,-0.252460
bw_mmap_rd,sz0.524288,MB/s,18229.070000,0.027237,18282.455000,0.086558,18232.380000,0.068121,18219.970000,0.038886,0.292856,0.018158,-0.049920,-0.068066,-0.341776
bw_mmap_rd,sz1.05,MB/s,18223.725000,0.013581,18284.130000,0.011978,18226.590000,0.011192,18227.850000,0.009052,0.331464,0.015721,0.022635,0.006913,-0.307808
bw_mmap_rd,sz16.78,MB/s,15232.710000,1.832110,15212.310000,1.000078,13112.060000,1.456941,13701.990000,4.947092,-0.133922,-13.921686,-10.048901,4.499140,-9.928275
bw_mmap_rd,sz2.10,MB/s,18214.655000,0.018090,18271.690000,0.013628,18213.010000,0.009691,18213.835000,0.018063,0.313127,-0.009031,-0.004502,0.004530,-0.316637
bw_mmap_rd,sz33.55,MB/s,15420.835000,0.993331,15478.250000,0.671846,15133.015000,0.279587,15205.020000,0.176751,0.372321,-1.866436,-1.399503,0.475814,-1.765251
bw_mmap_rd,sz4.19,MB/s,18136.950000,0.122182,18225.145000,0.074019,18159.725000,0.088493,18126.280000,0.088214,0.486272,0.125572,-0.058830,-0.184171,-0.542465
bw_mmap_rd,sz67.11,MB/s,15729.270000,0.596213,15731.735000,0.436602,15433.830000,0.349395,15430.875000,0.321369,0.015671,-1.878282,-1.897068,-0.019146,-1.912440
bw_mmap_rd,sz8.39,MB/s,13509.330000,0.262448,13560.390000,0.331075,13458.260000,0.147084,13473.780000,0.160682,0.377961,-0.378035,-0.263151,0.115320,-0.638698
bw_mmap_rd_o2c,sz0.000512,MB/s,83.365000,0.323877,83.380000,0.107940,83.400000,0.581535,82.425000,0.109190,0.017993,0.041984,-1.127572,-1.169065,-1.145359
bw_mmap_rd_o2c,sz0.001024,MB/s,162.945000,0.638252,164.085000,0.457080,165.290000,0.831871,162.135000,1.165695,0.699623,1.439136,-0.497100,-1.908766,-1.188408
bw_mmap_rd_o2c,sz0.002048,MB/s,321.240000,0.624144,322.025000,0.639702,321.920000,0.737761,319.160000,0.477817,0.244366,0.211680,-0.647491,-0.857356,-0.889682
bw_mmap_rd_o2c,sz0.004096,MB/s,632.100000,0.495966,629.785000,0.231825,632.715000,0.732557,627.695000,0.413417,-0.366240,0.097295,-0.696883,-0.793406,-0.331859
bw_mmap_rd_o2c,sz0.008192,MB/s,1187.680000,0.419305,1188.365000,0.220471,1186.970000,0.305399,1179.190000,0.133142,0.057675,-0.059780,-0.714839,-0.655450,-0.772069
bw_mmap_rd_o2c,sz0.016384,MB/s,2101.540000,0.370918,2095.675000,0.483854,2099.375000,0.438940,2020.280000,0.185370,-0.279081,-0.103020,-3.866688,-3.767550,-3.597648
bw_mmap_rd_o2c,sz0.032768,MB/s,3276.805000,0.539855,3281.675000,0.302742,3285.470000,0.269063,3023.445000,0.189023,0.148620,0.264434,-7.731922,-7.975267,-7.868847
bw_mmap_rd_o2c,sz0.065536,MB/s,4779.900000,0.145087,4795.535000,0.120946,4781.415000,0.189065,4222.705000,0.162810,0.327099,0.031695,-11.657043,-11.685035,-11.945070
bw_mmap_rd_o2c,sz0.131072,MB/s,6083.865000,0.095745,6101.365000,0.064494,6103.065000,0.160083,5137.750000,0.013625,0.287646,0.315589,-15.551216,-15.816889,-15.793433
bw_mmap_rd_o2c,sz0.262144,MB/s,7225.005000,0.095225,7235.195000,0.142152,7225.330000,0.124977,5900.230000,0.027287,0.141038,0.004498,-18.335973,-18.339647,-18.450989
bw_mmap_rd_o2c,sz0.524288,MB/s,7835.475000,0.094506,7844.565000,0.119318,7844.350000,0.127034,6278.045000,0.083704,0.116011,0.113267,-19.876651,-19.967301,-19.969495
bw_mmap_rd_o2c,sz1.05,MB/s,8177.145000,0.086216,8179.080000,0.084851,8175.375000,0.101891,6485.540000,0.030298,0.023664,-0.021646,-20.686988,-20.669816,-20.705752
bw_mmap_rd_o2c,sz16.78,MB/s,6396.865000,0.604046,6510.370000,2.016245,6604.620000,5.463448,6651.545000,5.702209,1.774385,3.247763,3.981325,0.710488,2.168464
bw_mmap_rd_o2c,sz2.10,MB/s,8458.635000,0.145650,8479.715000,0.178956,8474.725000,0.163309,8340.815000,0.160896,0.249213,0.190220,-1.392896,-1.580110,-1.638027
bw_mmap_rd_o2c,sz33.55,MB/s,7319.370000,0.566442,7304.025000,1.242876,7027.365000,1.401663,7108.245000,0.668941,-0.209649,-3.989483,-2.884470,1.150929,-2.680440
bw_mmap_rd_o2c,sz4.19,MB/s,8137.265000,0.272880,8166.775000,0.211038,8139.540000,0.089563,8019.990000,0.191147,0.362653,0.027958,-1.441209,-1.468756,-1.797344
bw_mmap_rd_o2c,sz67.11,MB/s,7345.545000,1.359395,7418.950000,1.648818,7194.895000,1.667085,7199.030000,1.209746,0.999313,-2.050903,-1.994610,0.057471,-2.964301
bw_mmap_rd_o2c,sz8.39,MB/s,6741.150000,0.129429,6763.490000,0.296001,6749.885000,0.124595,6678.535000,0.252675,0.331397,0.129577,-0.928847,-1.057055,-1.256082
bw_pipe,bw,MB/s,3886.955000,0.153719,3876.140000,0.303524,3872.825000,0.519001,3856.560000,0.264873,-0.278238,-0.363524,-0.781975,-0.419978,-0.505142
bw_tcp,msg0.000001MB,MB/s,2.300000,0.434783,2.300000,0.434783,2.305000,0.216920,2.300000,0.434783,0,0.217391,0,-0.216920,0
bw_tcp,msg0.000064MB,MB/s,85.770000,2.092806,86.415000,0.642250,86.570000,0.808594,86.150000,1.038886,0.752011,0.932727,0.443045,-0.485157,-0.306660
bw_tcp,msg0.000128MB,MB/s,149.905000,10.303192,168,1.738095,165.815000,2.593252,167.630000,2.329535,12.070978,10.613388,11.824155,1.094593,-0.220238
bw_tcp,msg0.000256MB,MB/s,179.085000,12.843063,231.840000,9.446170,224.690000,8.197962,195.975000,11.169792,29.458079,25.465561,9.431276,-12.779830,-15.469720
bw_tcp,msg0.000512MB,MB/s,327.245000,4.143684,335.510000,2.777861,316.580000,4.156927,324.895000,2.032964,2.525631,-3.259026,-0.718116,2.626508,-3.163840
bw_tcp,msg0.001024MB,MB/s,827.605000,0.988998,821.815000,2.004709,823.155000,0.433090,825.165000,0.588973,-0.699609,-0.537696,-0.294827,0.244182,0.407634
bw_tcp,msg0.001437MB,MB/s,1031.675000,0.661546,1041.610000,1.350313,1025.600000,0.707391,1026.740000,1.041646,0.962997,-0.588848,-0.478348,0.111154,-1.427598
bw_tcp,msg10.000000MB,MB/s,2193.120000,2.834774,2182.105000,2.526230,2182.575000,7.095747,2317.945000,5.145075,-0.502252,-0.480822,5.691663,6.202307,6.225182
bw_unix,bw,MB/s,4213.425000,0.163406,4214.400000,0.180809,4209.760000,0.229348,4194.780000,0.165921,0.023140,-0.086984,-0.442514,-0.355840,-0.465547
lat_connect,lhost,us,10713.569500,0.445533,10697.611200,0.297348,10705.581800,0.371385,10789.013600,0.375551,-0.148954,-0.074557,0.704192,0.779330,0.854419
lat_ctx,sz0k_p16,us,5.665000,0.264784,5.670000,0.176367,5.675000,0.440529,5.710000,0.175131,0.088261,0.176523,0.794351,0.616740,0.705467
lat_ctx,sz0k_p2,us,2.370000,1.265823,2.380000,1.260504,2.390000,1.046025,2.365000,1.268499,0.421941,0.843882,-0.210970,-1.046025,-0.630252
lat_ctx,sz0k_p24,us,5.740000,0.261324,5.725000,0.611354,5.730000,0.436300,5.800000,0.258621,-0.261324,-0.174216,1.045296,1.221640,1.310044
lat_ctx,sz0k_p32,us,5.785000,0.432152,5.795000,0.345125,5.795000,0.776531,5.870000,0.511073,0.172861,0.172861,1.469317,1.294219,1.294219
lat_ctx,sz0k_p4,us,5.725000,0.087336,5.725000,0.349345,5.735000,0.435920,5.745000,0.087032,0,0.174672,0.349345,0.174368,0.349345
lat_ctx,sz0k_p64,us,5.955000,0.251889,5.930000,0.337268,5.955000,0.335852,6.010000,0.166389,-0.419815,0,0.923594,0.923594,1.349073
lat_ctx,sz0k_p8,us,5.555000,0.270027,5.560000,0.359712,5.570000,0.538600,5.600000,0.178571,0.090009,0.270027,0.810081,0.538600,0.719424
lat_ctx,sz0k_p96,us,6.260000,0.479233,6.260000,0.319489,6.295000,0.397141,6.375000,0.078431,0,0.559105,1.837061,1.270850,1.837061
lat_ctx,sz16k_p16,us,5.985000,0.334169,6,0.416667,6.025000,0.331950,6.080000,0.328947,0.250627,0.668338,1.587302,0.912863,1.333333
lat_ctx,sz16k_p2,us,2.365000,2.748414,2.380000,2.310924,2.370000,2.742616,2.385000,1.048218,0.634249,0.211416,0.845666,0.632911,0.210084
lat_ctx,sz16k_p24,us,6.085000,0.739523,6.085000,0.575185,6.110000,0.654664,6.170000,0.486224,0,0.410846,1.396878,0.981997,1.396878
lat_ctx,sz16k_p32,us,6.145000,0.406835,6.165000,0.162206,6.185000,0.485044,6.245000,0.800641,0.325468,0.650936,1.627339,0.970089,1.297648
lat_ctx,sz16k_p4,us,5.920000,0.168919,5.925000,0.421941,5.930000,0.421585,5.950000,0.168067,0.084459,0.168919,0.506757,0.337268,0.421941
lat_ctx,sz16k_p64,us,6.595000,0.682335,6.575000,0.304183,6.580000,0.303951,6.720000,0.520833,-0.303260,-0.227445,1.895375,2.127660,2.205323
lat_ctx,sz16k_p8,us,5.865000,0.255754,5.860000,0.853242,5.850000,0.769231,5.955000,0.335852,-0.085251,-0.255754,1.534527,1.794872,1.621160
lat_ctx,sz16k_p96,us,7.395000,0.202840,7.405000,0.270088,7.410000,0.404858,7.590000,0.395257,0.135227,0.202840,2.636917,2.429150,2.498312
lat_ctx,sz32k_p16,us,6.245000,0.400320,6.240000,0.721154,6.230000,0.401284,6.300000,0.476190,-0.080064,-0.240192,0.880705,1.123596,0.961538
lat_ctx,sz32k_p2,us,2.445000,1.635992,2.460000,1.626016,2.405000,2.286902,2.415000,1.656315,0.613497,-1.635992,-1.226994,0.415800,-1.829268
lat_ctx,sz32k_p24,us,6.355000,0.393391,6.335000,0.631413,6.330000,0.473934,6.460000,0.464396,-0.314713,-0.393391,1.652242,2.053712,1.973165
lat_ctx,sz32k_p32,us,6.445000,0.387898,6.450000,0.775194,6.465000,0.696056,6.575000,0.532319,0.077580,0.310318,2.017067,1.701469,1.937984
lat_ctx,sz32k_p4,us,6.045000,0.330852,6.040000,0.413907,6.055000,0.578035,6.080000,0.164474,-0.082713,0.165426,0.578991,0.412882,0.662252
lat_ctx,sz32k_p64,us,7.355000,0.271924,7.355000,0.543848,7.380000,0.271003,7.490000,0.200267,0,0.339905,1.835486,1.490515,1.835486
lat_ctx,sz32k_p8,us,6.050000,0.247934,6.065000,0.577082,6.070000,0.741351,6.120000,0.816993,0.247934,0.330579,1.157025,0.823723,0.906843
lat_ctx,sz32k_p96,us,8.710000,0.401837,8.740000,0.400458,8.695000,0.172513,8.885000,0.112549,0.344432,-0.172216,2.009185,2.185164,1.659039
lat_ctx,sz4k_p16,us,5.810000,0.172117,5.810000,0.344234,5.830000,0.428816,5.870000,0.425894,0,0.344234,1.032702,0.686106,1.032702
lat_ctx,sz4k_p2,us,2.295000,1.307190,2.355000,1.486200,2.355000,1.910828,2.340000,1.068376,2.614379,2.614379,1.960784,-0.636943,-0.636943
lat_ctx,sz4k_p24,us,5.900000,0.338983,5.895000,0.508906,5.910000,0.507614,5.975000,0.167364,-0.084746,0.169492,1.271186,1.099831,1.357082
lat_ctx,sz4k_p32,us,5.950000,0.336134,5.955000,0.503778,5.980000,0.250836,6.070000,0.329489,0.084034,0.504202,2.016807,1.505017,1.931150
lat_ctx,sz4k_p4,us,5.805000,0.258398,5.775000,0.173160,5.795000,0.862813,5.820000,0.171821,-0.516796,-0.172265,0.258398,0.431406,0.779221
lat_ctx,sz4k_p64,us,6.250000,0.400000,6.235000,0.320770,6.230000,0.882825,6.340000,0.315457,-0.240000,-0.320000,1.440000,1.765650,1.684042
lat_ctx,sz4k_p8,us,5.680000,0.264085,5.685000,0.351803,5.680000,0.704225,5.730000,0.523560,0.088028,0,0.880282,0.880282,0.791557
lat_ctx,sz4k_p96,us,6.685000,0.448766,6.660000,0.225225,6.665000,0.375094,6.810000,0.220264,-0.373972,-0.299177,1.869858,2.175544,2.252252
lat_ctx,sz64k_p16,us,6.495000,0.615858,6.515000,0.306984,6.530000,0.459418,6.595000,0.227445,0.307929,0.538876,1.539646,0.995406,1.227936
lat_ctx,sz64k_p2,us,2.350000,0.638298,2.385000,0.419287,2.375000,2.105263,2.380000,0.630252,1.489362,1.063830,1.276596,0.210526,-0.209644
lat_ctx,sz64k_p24,us,6.780000,0.221239,6.755000,0.370096,6.825000,0.293040,6.880000,0.436047,-0.368732,0.663717,1.474926,0.805861,1.850481
lat_ctx,sz64k_p32,us,7.180000,0.348189,7.145000,0.209937,7.175000,0.348432,7.300000,0.547945,-0.487465,-0.069638,1.671309,1.742160,2.169349
lat_ctx,sz64k_p4,us,6.180000,0.161812,6.195000,0.403551,6.210000,0.724638,6.225000,0.562249,0.242718,0.485437,0.728155,0.241546,0.484262
lat_ctx,sz64k_p64,us,9.235000,0.324851,9.205000,0.597501,9.270000,0.323625,9.460000,0.317125,-0.324851,0.378993,2.436383,2.049622,2.770234
lat_ctx,sz64k_p8,us,6.305000,0.475813,6.330000,0.315956,6.365000,0.392773,6.455000,0.697134,0.396511,0.951626,2.379064,1.413983,1.974724
lat_ctx,sz64k_p96,us,11.775000,0.169851,11.750000,0.340426,11.900000,0.210084,12.065000,0.372980,-0.212314,1.061571,2.462845,1.386555,2.680851
lat_ctx,sz8k_p16,us,5.895000,0.424088,5.905000,0.508044,5.895000,0.424088,5.945000,0.336417,0.169635,0,0.848176,0.848176,0.677392
lat_ctx,sz8k_p2,us,2.310000,1.515152,2.380000,2.100840,2.425000,1.855670,2.365000,1.691332,3.030303,4.978355,2.380952,-2.474227,-0.630252
lat_ctx,sz8k_p24,us,5.970000,0.167504,5.960000,0.419463,5.985000,0.417711,6.055000,0.082576,-0.167504,0.251256,1.423786,1.169591,1.593960
lat_ctx,sz8k_p32,us,6.050000,0.578512,6.040000,0.827815,6.065000,0.741962,6.165000,0.324412,-0.165289,0.247934,1.900826,1.648805,2.069536
lat_ctx,sz8k_p4,us,5.845000,0.171086,5.825000,0.085837,5.850000,0.512821,5.890000,0.169779,-0.342173,0.085543,0.769889,0.683761,1.115880
lat_ctx,sz8k_p64,us,6.330000,0.236967,6.340000,0.236593,6.335000,0.710339,6.470000,0.309119,0.157978,0.078989,2.211690,2.131018,2.050473
lat_ctx,sz8k_p8,us,5.745000,0.609225,5.750000,0.956522,5.780000,0.692042,5.795000,0.431406,0.087032,0.609225,0.870322,0.259516,0.782609
lat_ctx,sz8k_p96,us,6.875000,0.218182,6.890000,0.507983,6.890000,0.580552,7.055000,0.212615,0.218182,0.218182,2.618182,2.394775,2.394775
lat_fs,sz0K_create,ops/s,93501,0.137966,93677.500000,0.167596,93880.500000,0.239134,92979,0.137128,0.188768,0.405878,-0.558283,-0.960263,-0.745643
lat_fs,sz0K_niters,count,1006,0.099404,1009,0.247770,1034,2.224371,1001.500000,0.349476,0.298211,2.783300,-0.447316,-3.143133,-0.743310
lat_fs,sz0K_unlink,ops/s,151622.500000,0.400996,153410.500000,0.353626,151533.500000,0.371535,152021,0.095710,1.179245,-0.058698,0.262824,0.321711,-0.905740
lat_fs,sz10K_create,ops/s,52993,0.099070,53094,0.222247,53039.500000,0.202679,52574.500000,0.277701,0.190591,0.087747,-0.789727,-0.876705,-0.978453
lat_fs,sz10K_niters,count,584.500000,2.737382,582.500000,2.746781,585,5.299145,587,3.662692,-0.342173,0.085543,0.427716,0.341880,0.772532
lat_fs,sz10K_unlink,ops/s,89628,0.282836,89977,0.358425,89947,0.199562,89429,0.188418,0.389387,0.355916,-0.222029,-0.575895,-0.609045
lat_fs,sz1K_create,ops/s,66179.500000,0.068752,66266,0.196179,66442.500000,0.039132,65946.500000,0.180449,0.130705,0.397404,-0.352073,-0.746510,-0.482148
lat_fs,sz1K_niters,count,689.500000,3.263234,722.500000,0.622837,729,0.823045,725.500000,0.689180,4.786077,5.728789,5.221175,-0.480110,0.415225
lat_fs,sz1K_unlink,ops/s,110244.500000,0.212255,110496,0.392322,110298.500000,0.442889,109538.500000,0.147893,0.228129,0.048982,-0.640395,-0.689039,-0.866547
lat_fs,sz4K_create,ops/s,65994.500000,0.175015,66080,0.108959,66239,0.310995,65700,0.168189,0.129556,0.370485,-0.446249,-0.813720,-0.575061
lat_fs,sz4K_niters,count,726.500000,0.344116,726,0.482094,698,3.868195,722,0.277008,-0.068823,-3.922918,-0.619408,3.438395,-0.550964
lat_fs,sz4K_unlink,ops/s,110483.500000,0.209986,110552.500000,0.481219,110266,0.218109,109606.500000,0.216684,0.062453,-0.196862,-0.793784,-0.598099,-0.855702
lat_http,bw_lhost,MB/s,31.790000,0.723498,31.630000,1.074929,31.510000,1.428118,31.405000,0.907499,-0.503303,-0.880780,-1.211073,-0.333228,-0.711350
lat_mem_rd_load,stride1024_sz0.00098MB,ns,2.223000,0,2.223000,0,2.223000,0,2.223000,0,0,0,0,0,0
lat_mem_rd_load,stride1024_sz0.00195MB,ns,2.223000,0,2.223000,0,2.223000,0,2.223000,0,0,0,0,0,0
lat_mem_rd_load,stride1024_sz0.00293MB,ns,2.223000,0,2.223000,0,2.223000,0,2.223000,0,0,0,0,0,0
lat_mem_rd_load,stride1024_sz0.00391MB,ns,2.223000,0,2.223000,0,2.223000,0,2.223000,0,0,0,0,0,0
lat_mem_rd_load,stride1024_sz0.00586MB,ns,2.223000,0,2.223000,0,2.223000,0,2.223000,0,0,0,0,0,0
lat_mem_rd_load,stride1024_sz0.00781MB,ns,2.223000,0,2.223000,0,2.223000,0,2.223000,0,0,0,0,0,0
lat_mem_rd_load,stride1024_sz0.01172MB,ns,2.223000,0,2.223000,0,2.223000,0,2.223000,0,0,0,0,0,0
lat_mem_rd_load,stride1024_sz0.01562MB,ns,2.223000,0,2.223000,0,2.223000,0,2.223000,0,0,0,0,0,0
lat_mem_rd_load,stride1024_sz0.02344MB,ns,2.223000,0,2.223000,0,2.223000,0,2.223000,0,0,0,0,0,0
lat_mem_rd_load,stride1024_sz0.03125MB,ns,2.223000,0,2.223000,0,2.223000,0,2.223000,0,0,0,0,0,0
lat_mem_rd_load,stride1024_sz0.04688MB,ns,2.223000,0,2.223500,0.022487,2.223000,0,2.223000,0,0.022492,0,0,0,-0.022487
lat_mem_rd_load,stride1024_sz0.06250MB,ns,2.223000,0,2.223000,0,2.223000,0,2.223500,0.022487,0,0,0.022492,0.022492,0.022492
lat_mem_rd_load,stride1024_sz0.09375MB,ns,6.763500,1.360242,6.833000,0.336602,6.763500,0.369631,6.763000,1.360343,1.027574,0,-0.007393,-0.007393,-1.024440
lat_mem_rd_load,stride1024_sz0.12500MB,ns,6.683000,0.591052,6.688000,0.598086,6.689000,0.284048,6.688000,0.328947,0.074817,0.089780,0.074817,-0.014950,0
lat_mem_rd_load,stride1024_sz0.18750MB,ns,6.676500,0.636561,6.688000,0.695275,6.694000,0.291306,6.688500,0.231741,0.172246,0.262113,0.179735,-0.082163,0.007476
lat_mem_rd_load,stride1024_sz0.25000MB,ns,6.978500,0.322419,6.985000,0.343593,6.984500,0.336459,6.988500,0.200329,0.093143,0.085978,0.143297,0.057270,0.050107
lat_mem_rd_load,stride1024_sz0.37500MB,ns,4.870500,2.802587,5.035000,5.014896,5.984000,14.989973,5.963000,15.889653,3.377477,22.862129,22.430962,-0.350936,18.430983
lat_mem_rd_load,stride1024_sz0.50000MB,ns,5.071000,1.143759,5.058500,1.245428,5.012500,1.077307,4.961500,1.007760,-0.246500,-1.153619,-2.159337,-1.017456,-1.917564
lat_mem_rd_load,stride1024_sz0.75000MB,ns,5.274000,0.881684,5.240500,0.944566,5.248500,0.685910,5.243500,0.829599,-0.635192,-0.483504,-0.578309,-0.095265,0.057246
lat_mem_rd_load,stride1024_sz1.00000MB,ns,5.374500,0.148851,5.395000,0.426321,5.345000,0.346118,5.344500,0.299373,0.381431,-0.548888,-0.558191,-0.009355,-0.936052
lat_mem_rd_load,stride1024_sz1.50000MB,ns,5.469500,0.457080,5.516500,0.226593,5.484500,0.437597,5.479000,0.255521,0.859311,0.274248,0.173690,-0.100283,-0.679779
lat_mem_rd_load,stride1024_sz12.00000MB,ns,11.207000,1.079682,11.237000,0.983359,11.844500,0.983579,11.625000,1.066667,0.267690,5.688409,3.729812,-1.853181,3.452879
lat_mem_rd_load,stride1024_sz16.00000MB,ns,11.229500,1.309052,11.207000,1.610601,12.251500,3.032282,11.925500,1.270387,-0.200365,9.101029,6.197961,-2.660899,6.411172
lat_mem_rd_load,stride1024_sz2.00000MB,ns,5.513000,0.208598,5.546000,0.180310,5.510000,0.245009,5.495000,0.254777,0.598585,-0.054417,-0.326501,-0.272232,-0.919582
lat_mem_rd_load,stride1024_sz24.00000MB,ns,10.919000,1.039472,10.780500,0.783823,12.192500,3.190486,11.549500,1.640764,-1.268431,11.663156,5.774338,-5.273734,7.133250
lat_mem_rd_load,stride1024_sz3.00000MB,ns,5.661500,0.176632,5.709000,0.402873,5.676000,0.123326,5.671000,0.317404,0.839000,0.256116,0.167800,-0.088090,-0.665616
lat_mem_rd_load,stride1024_sz32.00000MB,ns,10.741500,0.870456,10.801000,0.763818,11.536000,0.940534,11.286000,1.125288,0.553926,7.396546,5.069124,-2.167129,4.490325
lat_mem_rd_load,stride1024_sz4.00000MB,ns,5.729000,0.130913,5.739500,0.270058,5.726000,0.104785,5.728500,0.096011,0.183278,-0.052365,-0.008728,0.043660,-0.191654
lat_mem_rd_load,stride1024_sz48.00000MB,ns,10.520500,0.313673,10.619000,0.842829,11.175000,0.939597,10.912500,0.490263,0.936267,6.221187,3.726059,-2.348993,2.763914
lat_mem_rd_load,stride1024_sz6.00000MB,ns,8.501000,1.046936,8.547000,1.082251,8.612500,1.184325,8.845500,0.864847,0.541113,1.311610,4.052464,2.705370,3.492453
lat_mem_rd_load,stride1024_sz64.00000MB,ns,10.472500,0.697064,10.518500,1.202643,11.066000,1.102476,10.899000,0.481696,0.439246,5.667224,4.072571,-1.509127,3.617436
lat_mem_rd_load,stride1024_sz8.00000MB,ns,12.254500,1.799339,12.047500,3.951027,12.650500,0.245050,11.389000,6.528229,-1.689175,3.231466,-7.062712,-9.971938,-5.465864
lat_mem_rd_load,stride128_sz0.00049MB,ns,2.223000,0,2.223000,0,2.223000,0,2.223000,0,0,0,0,0,0
lat_mem_rd_load,stride128_sz0.00098MB,ns,2.223000,0,2.223000,0,2.223000,0,2.223000,0,0,0,0,0,0
lat_mem_rd_load,stride128_sz0.00195MB,ns,2.223000,0,2.223000,0,2.223000,0,2.223000,0,0,0,0,0,0
lat_mem_rd_load,stride128_sz0.00293MB,ns,2.223000,0,2.223000,0,2.223000,0,2.223000,0,0,0,0,0,0
lat_mem_rd_load,stride128_sz0.00391MB,ns,2.223000,0,2.223000,0,2.223000,0,2.223000,0,0,0,0,0,0
lat_mem_rd_load,stride128_sz0.00586MB,ns,2.223000,0,2.223000,0,2.223000,0,2.223000,0,0,0,0,0,0
lat_mem_rd_load,stride128_sz0.00781MB,ns,2.223000,0,2.223000,0,2.223000,0,2.223000,0,0,0,0,0,0
lat_mem_rd_load,stride128_sz0.01172MB,ns,2.223000,0,2.223000,0,2.223000,0,2.223000,0,0,0,0,0,0
lat_mem_rd_load,stride128_sz0.01562MB,ns,2.223000,0,2.223000,0,2.223000,0,2.223000,0,0,0,0,0,0
lat_mem_rd_load,stride128_sz0.02344MB,ns,2.223000,0,2.223000,0,2.223000,0,2.223000,0,0,0,0,0,0
lat_mem_rd_load,stride128_sz0.03125MB,ns,2.223000,0,2.223000,0,2.223000,0,2.223000,0,0,0,0,0,0
lat_mem_rd_load,stride128_sz0.04688MB,ns,2.223000,0,2.224000,0,2.223000,0,2.223000,0,0.044984,0,0,0,-0.044964
lat_mem_rd_load,stride128_sz0.06250MB,ns,2.224000,0,2.224000,0,2.224000,0,2.224000,0,0,0,0,0,0
lat_mem_rd_load,stride128_sz0.09375MB,ns,3.454000,0.318471,3.428000,0.860560,3.455000,0.188133,3.455000,0.173661,-0.752750,0.028952,0.028952,0,0.787631
lat_mem_rd_load,stride128_sz0.12500MB,ns,3.414500,0.600381,3.402500,0.264511,3.416000,0.380562,3.401500,0.396884,-0.351442,0.043930,-0.380729,-0.424473,-0.029390
lat_mem_rd_load,stride128_sz0.18750MB,ns,3.399000,0.205943,3.395000,0.088365,3.397500,0.117734,3.395000,0.088365,-0.117682,-0.044131,-0.117682,-0.073584,0
lat_mem_rd_load,stride128_sz0.25000MB,ns,3.431500,0.335130,3.423000,0.335963,3.434000,0.334886,3.427000,0.248030,-0.247705,0.072854,-0.131138,-0.203844,0.116857
lat_mem_rd_load,stride128_sz0.37500MB,ns,3.486500,0.573641,3.502000,0.799543,3.520000,0.284091,3.495000,0.615165,0.444572,0.960849,0.243798,-0.710227,-0.199886
lat_mem_rd_load,stride128_sz0.50000MB,ns,3.722000,0.470177,3.721500,0.295580,3.719500,0.403280,3.716500,0.322884,-0.013434,-0.067168,-0.147770,-0.080656,-0.134354
lat_mem_rd_load,stride128_sz0.75000MB,ns,4.132500,0.072595,4.133500,0.036289,4.129500,0.096864,4.132000,0.084705,0.024198,-0.072595,-0.012099,0.060540,-0.036289
lat_mem_rd_load,stride128_sz1.00000MB,ns,4.273500,0.070200,4.273000,0.023403,4.273000,0.093611,4.274000,0.070192,-0.011700,-0.011700,0.011700,0.023403,0.023403
lat_mem_rd_load,stride128_sz1.50000MB,ns,4.410500,0.068019,4.408500,0.034025,4.408500,0.056709,4.409000,0.056702,-0.045346,-0.045346,-0.034010,0.011342,0.011342
lat_mem_rd_load,stride128_sz12.00000MB,ns,9.707500,0.782900,9.744500,2.801580,9.970500,1.213580,9.860500,1.090208,0.381149,2.709245,1.576101,-1.103255,1.190415
lat_mem_rd_load,stride128_sz16.00000MB,ns,9.549000,1.131008,9.554500,1.857763,9.933000,1.213128,9.870000,0.511651,0.057598,4.021363,3.361609,-0.634249,3.302109
lat_mem_rd_load,stride128_sz2.00000MB,ns,4.479000,0.033490,4.477000,0.055841,4.478000,0.055828,4.481000,0.078108,-0.044653,-0.022326,0.044653,0.066994,0.089346
lat_mem_rd_load,stride128_sz24.00000MB,ns,9.482000,1.181185,9.350000,0.946524,9.781500,1.507949,9.689500,0.872078,-1.392111,3.158616,2.188357,-0.940551,3.631016
lat_mem_rd_load,stride128_sz3.00000MB,ns,5.003000,0.049970,4.999500,0.070007,5.002500,0.049975,5.003000,0.049970,-0.069958,-0.009994,0,0.009995,0.070007
lat_mem_rd_load,stride128_sz32.00000MB,ns,9.319500,1.770481,9.251500,1.513268,9.728500,2.400164,9.511500,0.751722,-0.729653,4.388647,2.060196,-2.230560,2.810355
lat_mem_rd_load,stride128_sz4.00000MB,ns,5.180000,0.067568,5.180500,0.057909,5.182000,0.057893,5.180500,0.048258,0.009653,0.038610,0.009653,-0.028946,0
lat_mem_rd_load,stride128_sz48.00000MB,ns,9.087000,1.039947,9.074500,0.672213,9.478000,1.281916,9.303000,0.854563,-0.137559,4.302850,2.377022,-1.846381,2.518045
lat_mem_rd_load,stride128_sz6.00000MB,ns,7.636000,0.144054,7.649000,0.379135,7.668000,0.528169,7.737000,0.736720,0.170246,0.419068,1.322682,0.899844,1.150477
lat_mem_rd_load,stride128_sz64.00000MB,ns,9.033500,0.963082,9.013500,0.660121,9.261000,1.176979,9.180500,0.528294,-0.221398,2.518404,1.627276,-0.869237,1.852776
lat_mem_rd_load,stride128_sz8.00000MB,ns,11.182000,0.402432,11.337500,0.714443,11.434000,0.454784,10.076500,8.147670,1.390628,2.253622,-9.886425,-11.872486,-11.122381
lat_mem_rd_load,stride16_sz0.00049MB,ns,2.223000,0,2.223000,0,2.223000,0,2.223000,0,0,0,0,0,0
lat_mem_rd_load,stride16_sz0.00098MB,ns,2.223000,0,2.223000,0,2.223000,0,2.223000,0,0,0,0,0,0
lat_mem_rd_load,stride16_sz0.00195MB,ns,2.223000,0,2.223000,0,2.223000,0,2.223000,0,0,0,0,0,0
lat_mem_rd_load,stride16_sz0.00293MB,ns,2.223000,0,2.223000,0,2.223000,0,2.223000,0,0,0,0,0,0
lat_mem_rd_load,stride16_sz0.00391MB,ns,2.223000,0,2.223000,0,2.223000,0,2.223000,0,0,0,0,0,0
lat_mem_rd_load,stride16_sz0.00586MB,ns,2.223000,0,2.223000,0,2.223000,0,2.223000,0,0,0,0,0,0
lat_mem_rd_load,stride16_sz0.00781MB,ns,2.223000,0,2.223000,0,2.223000,0,2.223000,0,0,0,0,0,0
lat_mem_rd_load,stride16_sz0.01172MB,ns,2.223000,0,2.223000,0,2.223000,0,2.223000,0,0,0,0,0,0
lat_mem_rd_load,stride16_sz0.01562MB,ns,2.223000,0,2.223000,0,2.223000,0,2.223000,0,0,0,0,0,0
lat_mem_rd_load,stride16_sz0.02344MB,ns,2.223000,0,2.223000,0,2.223000,0,2.223000,0,0,0,0,0,0
lat_mem_rd_load,stride16_sz0.03125MB,ns,2.223000,0,2.223000,0,2.223000,0,2.223000,0,0,0,0,0,0
lat_mem_rd_load,stride16_sz0.04688MB,ns,2.224000,0,2.224000,0,2.224000,0,2.224000,0,0,0,0,0,0
lat_mem_rd_load,stride16_sz0.06250MB,ns,2.224000,0,2.224000,0,2.224000,0,2.224000,0,0,0,0,0,0
lat_mem_rd_load,stride16_sz0.09375MB,ns,2.297500,0.457018,2.291500,0.196378,2.296000,0.217770,2.298500,0.304546,-0.261153,-0.065288,0.043526,0.108885,0.305477
lat_mem_rd_load,stride16_sz0.12500MB,ns,2.289000,0.087374,2.289000,0.087374,2.287000,0,2.292000,0.152705,0,-0.087374,0.131062,0.218627,0.131062
lat_mem_rd_load,stride16_sz0.18750MB,ns,2.291500,0.240017,2.292000,0.152705,2.291000,0.109123,2.286500,0.021867,0.021820,-0.021820,-0.218198,-0.196421,-0.239965
lat_mem_rd_load,stride16_sz0.25000MB,ns,2.294000,0.174368,2.292000,0.087260,2.294000,0.152572,2.292000,0.152705,-0.087184,0,-0.087184,-0.087184,0
lat_mem_rd_load,stride16_sz0.37500MB,ns,2.301000,0.130378,2.300000,0.130435,2.302000,0.130321,2.299000,0.152240,-0.043459,0.043459,-0.086919,-0.130321,-0.043478
lat_mem_rd_load,stride16_sz0.50000MB,ns,2.295500,0.065345,2.294000,0.065388,2.293500,0.043601,2.295000,0.043573,-0.065345,-0.087127,-0.021782,0.065402,0.043592
lat_mem_rd_load,stride16_sz0.75000MB,ns,2.294500,0.065374,2.292000,0.043630,2.292500,0.043621,2.294500,0.021791,-0.108956,-0.087165,0,0.087241,0.109075
lat_mem_rd_load,stride16_sz1.00000MB,ns,2.295500,0.043563,2.293000,0.021805,2.293000,0.043611,2.294000,0.021796,-0.108909,-0.108909,-0.065345,0.043611,0.043611
lat_mem_rd_load,stride16_sz1.50000MB,ns,2.295000,0.043573,2.294000,0.021796,2.295000,0.021786,2.294500,0.021791,-0.043573,0,-0.021786,-0.021786,0.021796
lat_mem_rd_load,stride16_sz12.00000MB,ns,2.306000,0.043365,2.306000,0.043365,2.307000,0.065020,2.306500,0.021678,0,0.043365,0.021683,-0.021673,0.021683
lat_mem_rd_load,stride16_sz16.00000MB,ns,2.308500,0.086636,2.310500,0.108202,2.310000,0.043290,2.307000,0.065020,0.086636,0.064977,-0.064977,-0.129870,-0.151482
lat_mem_rd_load,stride16_sz2.00000MB,ns,2.296000,0.021777,2.296000,0.043554,2.296000,0,2.296500,0.021772,0,0,0.021777,0.021777,0.021777
lat_mem_rd_load,stride16_sz24.00000MB,ns,2.311000,0.129814,2.310000,0.151515,2.309500,0.064949,2.307500,0.108342,-0.043271,-0.064907,-0.151450,-0.086599,-0.108225
lat_mem_rd_load,stride16_sz3.00000MB,ns,2.302500,0.021716,2.302000,0,2.303000,0.043422,2.303000,0.043422,-0.021716,0.021716,0.021716,0,0.043440
lat_mem_rd_load,stride16_sz32.00000MB,ns,2.314000,0.129646,2.315500,0.086374,2.307500,0.108342,2.310500,0.129842,0.064823,-0.280899,-0.151253,0.130011,-0.215936
lat_mem_rd_load,stride16_sz4.00000MB,ns,2.307000,0.043346,2.307000,0.043346,2.307500,0.021668,2.308000,0.043328,0,0.021673,0.043346,0.021668,0.043346
lat_mem_rd_load,stride16_sz48.00000MB,ns,2.313500,0.086449,2.318000,0.215703,2.312000,0.064879,2.313500,0.108061,0.194510,-0.064837,0,0.064879,-0.194133
lat_mem_rd_load,stride16_sz6.00000MB,ns,2.312000,0.043253,2.311500,0.021631,2.312000,0.021626,2.313000,0,-0.021626,0,0.043253,0.043253,0.064893
lat_mem_rd_load,stride16_sz64.00000MB,ns,2.317000,0.064739,2.318000,0.086281,2.312500,0.064865,2.316500,0.129506,0.043159,-0.194217,-0.021580,0.172973,-0.064711
lat_mem_rd_load,stride16_sz8.00000MB,ns,2.303000,0.043422,2.304000,0.043403,2.304000,0.043403,2.303000,0,0.043422,0.043422,0,-0.043403,-0.043403
lat_mem_rd_load,stride256_sz0.00049MB,ns,2.223000,0,2.223000,0,2.223000,0,2.223000,0,0,0,0,0,0
lat_mem_rd_load,stride256_sz0.00098MB,ns,2.223000,0,2.223000,0,2.223000,0,2.223000,0,0,0,0,0,0
lat_mem_rd_load,stride256_sz0.00195MB,ns,2.223000,0,2.223000,0,2.223000,0,2.223000,0,0,0,0,0,0
lat_mem_rd_load,stride256_sz0.00293MB,ns,2.223000,0,2.223000,0,2.223000,0,2.223000,0,0,0,0,0,0
lat_mem_rd_load,stride256_sz0.00391MB,ns,2.223000,0,2.223000,0,2.223000,0,2.223000,0,0,0,0,0,0
lat_mem_rd_load,stride256_sz0.00586MB,ns,2.223000,0,2.223000,0,2.223000,0,2.223000,0,0,0,0,0,0
lat_mem_rd_load,stride256_sz0.00781MB,ns,2.223000,0,2.223000,0,2.223000,0,2.223000,0,0,0,0,0,0
lat_mem_rd_load,stride256_sz0.01172MB,ns,2.223000,0,2.223000,0,2.223000,0,2.223000,0,0,0,0,0,0
lat_mem_rd_load,stride256_sz0.01562MB,ns,2.223000,0,2.223000,0,2.223000,0,2.223000,0,0,0,0,0,0
lat_mem_rd_load,stride256_sz0.02344MB,ns,2.223000,0,2.223000,0,2.223000,0,2.223000,0,0,0,0,0,0
lat_mem_rd_load,stride256_sz0.03125MB,ns,2.223000,0,2.223000,0,2.223000,0,2.223000,0,0,0,0,0,0
lat_mem_rd_load,stride256_sz0.04688MB,ns,2.223000,0,2.223000,0,2.223000,0,2.223000,0,0,0,0,0,0
lat_mem_rd_load,stride256_sz0.06250MB,ns,2.224000,0,2.224000,0,2.224000,0,2.224000,0,0,0,0,0,0
lat_mem_rd_load,stride256_sz0.09375MB,ns,3.730500,0.040209,3.728000,0.187768,3.730000,0.080429,3.727500,0.107311,-0.067015,-0.013403,-0.080418,-0.067024,-0.013412
lat_mem_rd_load,stride256_sz0.12500MB,ns,3.726000,0.067096,3.723500,0.080569,3.727000,0.107325,3.727500,0.013414,-0.067096,0.026838,0.040258,0.013416,0.107426
lat_mem_rd_load,stride256_sz0.18750MB,ns,3.710000,0.134771,3.710000,0.080863,3.714000,0.148088,3.708000,0.107875,0,0.107817,-0.053908,-0.161551,-0.053908
lat_mem_rd_load,stride256_sz0.25000MB,ns,3.727000,0.107325,3.724000,0.053706,3.727500,0.080483,3.726000,0.120773,-0.080494,0.013416,-0.026831,-0.040241,0.053706
lat_mem_rd_load,stride256_sz0.37500MB,ns,3.844000,0.286160,3.832500,0.508806,3.825500,0.745001,3.771500,0.464006,-0.299168,-0.481270,-1.886056,-1.411580,-1.591650
lat_mem_rd_load,stride256_sz0.50000MB,ns,3.970500,0.277043,3.962500,0.492114,3.940500,0.177642,3.929500,0.534419,-0.201486,-0.755572,-1.032616,-0.279152,-0.832808
lat_mem_rd_load,stride256_sz0.75000MB,ns,4.260000,0.117371,4.258500,0.117412,4.259000,0.082179,4.265500,0.046888,-0.035211,-0.023474,0.129108,0.152618,0.164377
lat_mem_rd_load,stride256_sz1.00000MB,ns,4.437000,0.101420,4.436500,0.078891,4.433000,0.090232,4.435000,0.090192,-0.011269,-0.090151,-0.045076,0.045116,-0.033810
lat_mem_rd_load,stride256_sz1.50000MB,ns,4.610000,0.065076,4.614500,0.054177,4.607500,0.075963,4.612500,0.054201,0.097614,-0.054230,0.054230,0.108519,-0.043342
lat_mem_rd_load,stride256_sz12.00000MB,ns,10.917500,2.335700,10.855000,2.155689,11.278000,1.197021,11.123000,1.663220,-0.572475,3.302038,1.882299,-1.374357,2.468908
lat_mem_rd_load,stride256_sz16.00000MB,ns,11.041500,1.544174,10.692500,1.608604,11.331000,1.341453,11.148000,1.565303,-3.160802,2.621926,0.964543,-1.615038,4.259995
lat_mem_rd_load,stride256_sz2.00000MB,ns,4.703000,0.116947,4.699000,0.148968,4.697500,0.021288,4.699000,0.074484,-0.085052,-0.116947,-0.085052,0.031932,0
lat_mem_rd_load,stride256_sz24.00000MB,ns,10.852000,1.197936,10.872000,4.033297,11.183500,2.870300,11.141000,1.377794,0.184298,3.054736,2.663104,-0.380024,2.474246
lat_mem_rd_load,stride256_sz3.00000MB,ns,5.315000,0.103481,5.315000,0.103481,5.311000,0.075315,5.315500,0.141097,-0.000000,-0.075259,0.009407,0.084730,0.009407
lat_mem_rd_load,stride256_sz32.00000MB,ns,10.704000,2.228139,10.503000,1.928021,11.310500,2.926484,10.854500,2.040628,-1.877803,5.666106,1.406016,-4.031652,3.346663
lat_mem_rd_load,stride256_sz4.00000MB,ns,5.486500,0.045566,5.483500,0.027355,5.483500,0.091183,5.481500,0.091216,-0.054680,-0.054680,-0.091133,-0.036473,-0.036473
lat_mem_rd_load,stride256_sz48.00000MB,ns,10.451500,2.348945,10.541000,2.106062,10.953500,1.784818,10.418500,0.916639,0.856336,4.803138,-0.315744,-4.884284,-1.162129
lat_mem_rd_load,stride256_sz6.00000MB,ns,8.248500,0.812269,8.224500,0.534987,8.296500,0.795516,8.344500,0.802924,-0.290962,0.581924,1.163848,0.578557,1.459055
lat_mem_rd_load,stride256_sz64.00000MB,ns,10.357000,1.602781,10.241000,1.821111,10.781000,3.158334,10.344500,1.416212,-1.120015,4.093850,-0.120691,-4.048790,1.010643
lat_mem_rd_load,stride256_sz8.00000MB,ns,10.815000,6.389274,11.410000,9.368975,12.447000,1.442115,12.123000,3.650087,5.501618,15.090153,12.094313,-2.603037,6.248904
lat_mem_rd_load,stride32_sz0.00049MB,ns,2.223000,0,2.223000,0,2.223000,0,2.223000,0,0,0,0,0,0
lat_mem_rd_load,stride32_sz0.00098MB,ns,2.223000,0,2.223000,0,2.223000,0,2.223000,0,0,0,0,0,0
lat_mem_rd_load,stride32_sz0.00195MB,ns,2.223000,0,2.223000,0,2.223000,0,2.223000,0,0,0,0,0,0
lat_mem_rd_load,stride32_sz0.00293MB,ns,2.223000,0,2.223000,0,2.223000,0,2.223000,0,0,0,0,0,0
lat_mem_rd_load,stride32_sz0.00391MB,ns,2.223000,0,2.223000,0,2.223000,0,2.223000,0,0,0,0,0,0
lat_mem_rd_load,stride32_sz0.00586MB,ns,2.223000,0,2.223000,0,2.223000,0,2.223000,0,0,0,0,0,0
lat_mem_rd_load,stride32_sz0.00781MB,ns,2.223000,0,2.223000,0,2.223000,0,2.223000,0,0,0,0,0,0
lat_mem_rd_load,stride32_sz0.01172MB,ns,2.223000,0,2.223000,0,2.223000,0,2.223000,0,0,0,0,0,0
lat_mem_rd_load,stride32_sz0.01562MB,ns,2.223000,0,2.223000,0,2.223000,0,2.223000,0,0,0,0,0,0
lat_mem_rd_load,stride32_sz0.02344MB,ns,2.223000,0,2.223000,0,2.223000,0,2.223000,0,0,0,0,0,0
lat_mem_rd_load,stride32_sz0.03125MB,ns,2.223000,0,2.223000,0,2.223000,0,2.223000,0,0,0,0,0,0
lat_mem_rd_load,stride32_sz0.04688MB,ns,2.224000,0,2.224000,0,2.224000,0,2.224000,0,0,0,0,0,0
lat_mem_rd_load,stride32_sz0.06250MB,ns,2.224000,0,2.224000,0,2.224000,0,2.224000,0,0,0,0,0,0
lat_mem_rd_load,stride32_sz0.09375MB,ns,2.375000,0,2.375000,0,2.375000,0,2.375000,0,0,0,0,0,0
lat_mem_rd_load,stride32_sz0.12500MB,ns,2.388000,0.104690,2.395500,0.208725,2.395000,0.125261,2.388500,0.104668,0.314070,0.293132,0.020938,-0.271399,-0.292215
lat_mem_rd_load,stride32_sz0.18750MB,ns,2.381000,0.041999,2.383500,0.104888,2.385000,0,2.384000,0.104866,0.104998,0.167997,0.125997,-0.041929,0.020978
lat_mem_rd_load,stride32_sz0.25000MB,ns,2.392000,0.271739,2.396000,0.271285,2.389000,0.041859,2.387500,0.167539,0.167224,-0.125418,-0.188127,-0.062788,-0.354758
lat_mem_rd_load,stride32_sz0.37500MB,ns,2.394500,0.250574,2.402500,0.124870,2.401500,0.395586,2.397500,0.354536,0.334099,0.292337,0.125287,-0.166563,-0.208117
lat_mem_rd_load,stride32_sz0.50000MB,ns,2.486500,0.221194,2.483000,0.161095,2.482000,0.282031,2.489500,0.120506,-0.140760,-0.180977,0.120652,0.302176,0.261780
lat_mem_rd_load,stride32_sz0.75000MB,ns,2.543000,0.058985,2.542500,0.058997,2.543000,0.019662,2.542000,0.078678,-0.019662,0,-0.039324,-0.039324,-0.019666
lat_mem_rd_load,stride32_sz1.00000MB,ns,2.539000,0.039386,2.539000,0.039386,2.540000,0.019685,2.540000,0.039370,0,0.039386,0.039386,0,0.039386
lat_mem_rd_load,stride32_sz1.50000MB,ns,2.537000,0.019708,2.537000,0.019708,2.536000,0,2.536000,0.039432,0,-0.039417,-0.039417,0,-0.039417
lat_mem_rd_load,stride32_sz12.00000MB,ns,2.671500,0.187161,2.674000,0.224383,2.700000,0.129630,2.688000,0.074405,0.093580,1.066816,0.617631,-0.444444,0.523560
lat_mem_rd_load,stride32_sz16.00000MB,ns,2.670500,0.187231,2.675500,0.168193,2.699500,0.148176,2.687000,0.111649,0.187231,1.085939,0.617862,-0.463049,0.429826
lat_mem_rd_load,stride32_sz2.00000MB,ns,2.535000,0.039448,2.535000,0.039448,2.535000,0,2.535000,0.039448,0,0,0,0,0
lat_mem_rd_load,stride32_sz24.00000MB,ns,2.669000,0.131135,2.669500,0.149841,2.694000,0.185598,2.681000,0.130548,0.018734,0.936680,0.449607,-0.482554,0.430792
lat_mem_rd_load,stride32_sz3.00000MB,ns,2.544000,0.039308,2.543000,0.039324,2.544000,0.019654,2.544500,0.039300,-0.039308,0,0.019654,0.019654,0.058985
lat_mem_rd_load,stride32_sz32.00000MB,ns,2.678500,0.112003,2.682500,0.130475,2.687000,0.223297,2.687000,0.316338,0.149337,0.317342,0.317342,0.000000,0.167754
lat_mem_rd_load,stride32_sz4.00000MB,ns,2.543000,0,2.543000,0.039324,2.543000,0.019662,2.543000,0.019662,0,0,0,0,0
lat_mem_rd_load,stride32_sz48.00000MB,ns,2.672500,0.280636,2.673500,0.112212,2.687500,0.148837,2.681000,0.074599,0.037418,0.561272,0.318054,-0.241860,0.280531
lat_mem_rd_load,stride32_sz6.00000MB,ns,2.602500,0.057637,2.603500,0.057615,2.603000,0.096043,2.603000,0.038417,0.038425,0.019212,0.019212,-0.000000,-0.019205
lat_mem_rd_load,stride32_sz64.00000MB,ns,2.675000,0.130841,2.678000,0.261389,2.682000,0.093214,2.676500,0.298898,0.112150,0.261682,0.056075,-0.205071,-0.056012
lat_mem_rd_load,stride32_sz8.00000MB,ns,2.637500,0.056872,2.644000,0.113464,2.660500,0.131554,2.652500,0.169651,0.246445,0.872038,0.568720,-0.300695,0.321483
lat_mem_rd_load,stride512_sz0.00049MB,ns,2.223000,0,2.223000,0,2.223000,0,2.223000,0,0,0,0,0,0
lat_mem_rd_load,stride512_sz0.00098MB,ns,2.223000,0,2.223000,0,2.223000,0,2.223000,0,0,0,0,0,0
lat_mem_rd_load,stride512_sz0.00195MB,ns,2.223000,0,2.223000,0,2.223000,0,2.223000,0,0,0,0,0,0
lat_mem_rd_load,stride512_sz0.00293MB,ns,2.223000,0,2.223000,0,2.223000,0,2.223000,0,0,0,0,0,0
lat_mem_rd_load,stride512_sz0.00391MB,ns,2.223000,0,2.223000,0,2.223000,0,2.223000,0,0,0,0,0,0
lat_mem_rd_load,stride512_sz0.00586MB,ns,2.223000,0,2.223000,0,2.223000,0,2.223000,0,0,0,0,0,0
lat_mem_rd_load,stride512_sz0.00781MB,ns,2.223000,0,2.223000,0,2.223000,0,2.223000,0,0,0,0,0,0
lat_mem_rd_load,stride512_sz0.01172MB,ns,2.223000,0,2.223000,0,2.223000,0,2.223000,0,0,0,0,0,0
lat_mem_rd_load,stride512_sz0.01562MB,ns,2.223000,0,2.223000,0,2.223000,0,2.223000,0,0,0,0,0,0
lat_mem_rd_load,stride512_sz0.02344MB,ns,2.223000,0,2.223000,0,2.223000,0,2.223000,0,0,0,0,0,0
lat_mem_rd_load,stride512_sz0.03125MB,ns,2.223000,0,2.223000,0,2.223000,0,2.223000,0,0,0,0,0,0
lat_mem_rd_load,stride512_sz0.04688MB,ns,2.223000,0,2.223000,0,2.223000,0,2.223000,0,0,0,0,0,0
lat_mem_rd_load,stride512_sz0.06250MB,ns,2.223000,0,2.223500,0.022487,2.223500,0.022487,2.223000,0,0.022492,0.022492,0,-0.022487,-0.022487
lat_mem_rd_load,stride512_sz0.09375MB,ns,6.619500,0.800665,6.593000,0.697710,6.612500,1.285444,6.684000,1.047277,-0.400332,-0.105748,0.974394,1.081285,1.380252
lat_mem_rd_load,stride512_sz0.12500MB,ns,6.357000,1.368570,6.331000,2.069183,6.382500,0.540541,6.369500,2.229374,-0.408998,0.401133,0.196634,-0.203682,0.608119
lat_mem_rd_load,stride512_sz0.18750MB,ns,6.202500,1.563886,6.233500,3.288682,6.173000,1.190669,6.071500,1.630569,0.499798,-0.475615,-2.112052,-1.644257,-2.598861
lat_mem_rd_load,stride512_sz0.25000MB,ns,5.885000,5.862362,5.717500,13.344993,6.141500,4.176504,5.958500,4.741126,-2.846219,4.358539,1.248938,-2.979728,4.215129
lat_mem_rd_load,stride512_sz0.37500MB,ns,4.692500,0.586042,4.725500,1.481325,4.732500,1.373481,4.710000,1.740977,0.703250,0.852424,0.372936,-0.475436,-0.328008
lat_mem_rd_load,stride512_sz0.50000MB,ns,4.652500,0.440623,4.643000,0.430756,4.674000,0.427899,4.685000,0.672359,-0.204191,0.462117,0.698549,0.235344,0.904588
lat_mem_rd_load,stride512_sz0.75000MB,ns,4.947000,0.070750,4.946500,0.283028,4.965000,0.281974,4.958500,0.453766,-0.010107,0.363857,0.232464,-0.130916,0.242596
lat_mem_rd_load,stride512_sz1.00000MB,ns,5.079500,0.118122,5.077500,0.078779,5.086000,0.176956,5.086000,0.127802,-0.039374,0.127965,0.127965,0,0.167405
lat_mem_rd_load,stride512_sz1.50000MB,ns,5.212500,0.153477,5.219500,0.162851,5.218000,0.201227,5.224500,0.277539,0.134293,0.105516,0.230216,0.124569,0.095795
lat_mem_rd_load,stride512_sz12.00000MB,ns,10.102000,0.440507,10.014500,0.708972,10.745500,1.298218,10.415500,0.744083,-0.866165,6.370026,3.103346,-3.071053,4.004194
lat_mem_rd_load,stride512_sz16.00000MB,ns,10.078500,1.031900,9.985500,0.886285,10.788000,1.107712,10.498000,1.247857,-0.922756,7.039738,4.162326,-2.688172,5.132442
lat_mem_rd_load,stride512_sz2.00000MB,ns,5.291500,0.170084,5.288500,0.075636,5.290000,0.122873,5.287000,0.113486,-0.056695,-0.028347,-0.085042,-0.056711,-0.028363
lat_mem_rd_load,stride512_sz24.00000MB,ns,9.777500,0.736385,9.840500,0.843453,10.610000,0.532516,10.235500,0.566655,0.644336,8.514446,4.684224,-3.529689,4.014024
lat_mem_rd_load,stride512_sz3.00000MB,ns,5.416500,0.083079,5.420000,0.184502,5.416500,0.193852,5.420500,0.202933,0.064617,0,0.073848,0.073848,0.009225
lat_mem_rd_load,stride512_sz32.00000MB,ns,9.754000,0.891942,9.704500,0.613118,10.450000,1.023923,10.027500,0.398903,-0.507484,7.135534,2.803978,-4.043062,3.328353
lat_mem_rd_load,stride512_sz4.00000MB,ns,5.498000,0.063660,5.493000,0.045512,5.496500,0.054580,5.496000,0.109170,-0.090942,-0.027283,-0.036377,-0.009097,0.054615
lat_mem_rd_load,stride512_sz48.00000MB,ns,9.675000,0.790698,9.579500,0.412339,10.115000,0.909540,9.877500,1.037712,-0.987080,4.547804,2.093023,-2.347998,3.110810
lat_mem_rd_load,stride512_sz6.00000MB,ns,8.011000,0.724004,7.997000,0.343879,8.031000,0.846719,8.109000,1.726477,-0.174760,0.249657,1.223318,0.971236,1.400525
lat_mem_rd_load,stride512_sz64.00000MB,ns,9.573500,0.470048,9.517000,0.294210,9.926000,0.639734,9.789000,1.011339,-0.590171,3.682039,2.251005,-1.380214,2.858044
lat_mem_rd_load,stride512_sz8.00000MB,ns,10.527000,9.162154,9.652500,1.673142,10.336000,4.653638,10.853000,8.675021,-8.307210,-1.814382,3.096799,5.001935,12.437192
lat_mem_rd_load,stride64_sz0.00049MB,ns,2.223000,0,2.223000,0,2.223000,0,2.223000,0,0,0,0,0,0
lat_mem_rd_load,stride64_sz0.00098MB,ns,2.223000,0,2.223000,0,2.223000,0,2.223000,0,0,0,0,0,0
lat_mem_rd_load,stride64_sz0.00195MB,ns,2.223000,0,2.223000,0,2.223000,0,2.223000,0,0,0,0,0,0
lat_mem_rd_load,stride64_sz0.00293MB,ns,2.223000,0,2.223000,0,2.223000,0,2.223000,0,0,0,0,0,0
lat_mem_rd_load,stride64_sz0.00391MB,ns,2.223000,0,2.223000,0,2.223000,0,2.223000,0,0,0,0,0,0
lat_mem_rd_load,stride64_sz0.00586MB,ns,2.223000,0,2.223000,0,2.223000,0,2.223000,0,0,0,0,0,0
lat_mem_rd_load,stride64_sz0.00781MB,ns,2.223000,0,2.223000,0,2.223000,0,2.223000,0,0,0,0,0,0
lat_mem_rd_load,stride64_sz0.01172MB,ns,2.223000,0,2.223000,0,2.223000,0,2.223000,0,0,0,0,0,0
lat_mem_rd_load,stride64_sz0.01562MB,ns,2.223000,0,2.223000,0,2.223000,0,2.223000,0,0,0,0,0,0
lat_mem_rd_load,stride64_sz0.02344MB,ns,2.223000,0,2.223000,0,2.223000,0,2.223000,0,0,0,0,0,0
lat_mem_rd_load,stride64_sz0.03125MB,ns,2.223000,0,2.223000,0,2.223000,0,2.223000,0,0,0,0,0,0
lat_mem_rd_load,stride64_sz0.04688MB,ns,2.224000,0,2.224000,0,2.224000,0,2.224000,0,0,0,0,0,0
lat_mem_rd_load,stride64_sz0.06250MB,ns,2.224000,0,2.224000,0,2.224000,0,2.224000,0,0,0,0,0,0
lat_mem_rd_load,stride64_sz0.09375MB,ns,2.557000,0.215096,2.554000,0.078309,2.564000,0.370515,2.554000,0,-0.117325,0.273758,-0.117325,-0.390016,0
lat_mem_rd_load,stride64_sz0.12500MB,ns,2.560500,0.039055,2.558000,0.078186,2.555500,0.117394,2.556000,0.254304,-0.097637,-0.195274,-0.175747,0.019566,-0.078186
lat_mem_rd_load,stride64_sz0.18750MB,ns,2.542000,0.039339,2.542000,0.059009,2.540000,0.118110,2.542000,0.157356,0,-0.078678,0,0.078740,0
lat_mem_rd_load,stride64_sz0.25000MB,ns,2.552000,0.333072,2.550000,0.509804,2.539000,0.078771,2.547500,0.255152,-0.078370,-0.509404,-0.176332,0.334777,-0.098039
lat_mem_rd_load,stride64_sz0.37500MB,ns,2.620000,0.610687,2.615000,0.554493,2.601500,0.249856,2.603000,0.422589,-0.190840,-0.706107,-0.648855,0.057659,-0.458891
lat_mem_rd_load,stride64_sz0.50000MB,ns,2.675000,0.093458,2.667000,0.131234,2.668000,0.393553,2.661000,0.281849,-0.299065,-0.261682,-0.523364,-0.262369,-0.224972
lat_mem_rd_load,stride64_sz0.75000MB,ns,2.701500,0.092541,2.700500,0.055545,2.701500,0.055525,2.699000,0.129678,-0.037016,0,-0.092541,-0.092541,-0.055545
lat_mem_rd_load,stride64_sz1.00000MB,ns,2.712500,0.018433,2.712500,0.018433,2.710000,0.036900,2.710000,0.055351,0,-0.092166,-0.092166,0,-0.092166
lat_mem_rd_load,stride64_sz1.50000MB,ns,2.722000,0.036738,2.721500,0.018372,2.722500,0.018365,2.722000,0.036738,-0.018369,0.018369,0,-0.018365,0.018372
lat_mem_rd_load,stride64_sz12.00000MB,ns,4.335000,0.599769,4.334000,0.519151,4.523000,0.663277,4.449500,0.741656,-0.023068,4.336794,2.641292,-1.625028,2.664975
lat_mem_rd_load,stride64_sz16.00000MB,ns,4.338000,0.253573,4.331000,0.392519,4.541000,0.473464,4.446500,0.438547,-0.161365,4.679576,2.501153,-2.081039,2.666821
lat_mem_rd_load,stride64_sz2.00000MB,ns,2.727500,0.054995,2.727000,0.018335,2.727000,0.036670,2.726500,0.018339,-0.018332,-0.018332,-0.036664,-0.018335,-0.018335
lat_mem_rd_load,stride64_sz24.00000MB,ns,4.288500,0.303136,4.299000,0.430333,4.515000,0.586932,4.404000,0.386013,0.244841,5.281567,2.693249,-2.458472,2.442428
lat_mem_rd_load,stride64_sz3.00000MB,ns,2.743500,0.072900,2.742500,0.018232,2.742000,0.036470,2.744000,0.036443,-0.036450,-0.054675,0.018225,0.072939,0.054695
lat_mem_rd_load,stride64_sz32.00000MB,ns,4.280500,0.642448,4.281000,0.245270,4.467000,0.626819,4.364500,0.229121,0.011681,4.356968,1.962388,-2.294605,1.950479
lat_mem_rd_load,stride64_sz4.00000MB,ns,2.776000,0.054035,2.774000,0.018025,2.775000,0.018018,2.777000,0.018005,-0.072046,-0.036023,0.036023,0.072072,0.108147
lat_mem_rd_load,stride64_sz48.00000MB,ns,4.232500,0.507974,4.240500,0.424478,4.397000,0.659541,4.321000,0.404999,0.189014,3.886592,2.090963,-1.728451,1.898361
lat_mem_rd_load,stride64_sz6.00000MB,ns,3.998000,0.275138,4.003500,0.262271,4.020500,0.211416,4.020500,0.348215,0.137569,0.562781,0.562781,0,0.424628
lat_mem_rd_load,stride64_sz64.00000MB,ns,4.217000,0.237135,4.230000,0.378251,4.328000,0.300370,4.274000,0.152082,0.308276,2.632203,1.351672,-1.247689,1.040189
lat_mem_rd_load,stride64_sz8.00000MB,ns,4.152000,1.216281,4.187500,0.680597,4.304500,1.068649,4.281500,0.817471,0.855010,3.672929,3.118979,-0.534325,2.244776
lat_mem_rd_rand,stride16_sz0.00049MB,ns,2.223000,0,2.223000,0,2.223000,0,2.223000,0,0,0,0,0,0
lat_mem_rd_rand,stride16_sz0.00098MB,ns,2.223000,0,2.223000,0,2.223000,0,2.223000,0,0,0,0,0,0
lat_mem_rd_rand,stride16_sz0.00195MB,ns,2.223000,0,2.223000,0,2.223000,0,2.223000,0,0,0,0,0,0
lat_mem_rd_rand,stride16_sz0.00293MB,ns,2.223000,0,2.223000,0,2.223000,0,2.223000,0,0,0,0,0,0
lat_mem_rd_rand,stride16_sz0.00391MB,ns,2.223000,0,2.223000,0,2.223000,0,2.223000,0,0,0,0,0,0
lat_mem_rd_rand,stride16_sz0.00586MB,ns,2.223000,0,2.223000,0,2.223000,0,2.223000,0,0,0,0,0,0
lat_mem_rd_rand,stride16_sz0.00781MB,ns,2.223000,0,2.223000,0,2.223000,0,2.223000,0,0,0,0,0,0
lat_mem_rd_rand,stride16_sz0.01172MB,ns,2.223000,0,2.223000,0,2.223000,0,2.223000,0,0,0,0,0,0
lat_mem_rd_rand,stride16_sz0.01562MB,ns,2.223000,0,2.223000,0,2.223000,0,2.223000,0,0,0,0,0,0
lat_mem_rd_rand,stride16_sz0.02344MB,ns,2.223500,0.022487,2.224000,0,2.223000,0,2.224000,0,0.022487,-0.022487,0.022487,0.044984,0
lat_mem_rd_rand,stride16_sz0.03125MB,ns,2.224000,0.044964,2.224000,0,2.224000,0,2.224000,0,0,0,0,0,0
lat_mem_rd_rand,stride16_sz0.04688MB,ns,3.063500,27.403297,4.155500,4.644447,4.137500,9.256798,3.970000,11.171285,35.645504,35.057940,29.590338,-4.048338,-4.463963
lat_mem_rd_rand,stride16_sz0.06250MB,ns,3.832500,8.975864,4.587500,11.749319,4.109000,13.896325,4.663500,14.817197,19.699935,7.214612,21.682975,13.494768,1.656676
lat_mem_rd_rand,stride16_sz0.09375MB,ns,6.025000,1.626556,6.250500,6.079514,6.250000,5.696000,5.963000,1.232601,3.742739,3.734440,-1.029046,-4.592000,-4.599632
lat_mem_rd_rand,stride16_sz0.12500MB,ns,6.726500,0.512897,6.622000,3.020236,6.691500,0.769633,6.744000,0.504152,-1.553557,-0.520330,0.260165,0.784577,1.842344
lat_mem_rd_rand,stride16_sz0.18750MB,ns,6.739500,0.511907,6.786000,0.338933,6.797000,0.514933,6.774500,0.442837,0.689962,0.853179,0.519326,-0.331028,-0.169467
lat_mem_rd_rand,stride16_sz0.25000MB,ns,7.937500,0.226772,7.964500,0.395505,7.937000,0.119693,7.923500,0.631034,0.340157,-0.006299,-0.176378,-0.170089,-0.514784
lat_mem_rd_rand,stride16_sz0.37500MB,ns,8.260500,3.044610,8.329500,3.055405,8.255000,0.793459,8.624500,1.831990,0.835301,-0.066582,4.406513,4.476075,3.541629
lat_mem_rd_rand,stride16_sz0.50000MB,ns,10.696500,3.543215,10.612000,5.894271,10.249500,3.419679,11.246000,4.228170,-0.789978,-4.178937,5.137194,9.722425,5.974369
lat_mem_rd_rand,stride16_sz0.75000MB,ns,16.735000,1.189125,16.676000,0.983449,16.922000,1.592601,16.614000,0.162514,-0.352555,1.117419,-0.723036,-1.820116,-0.371792
lat_mem_rd_rand,stride16_sz1.00000MB,ns,19.409000,0.522953,19.480000,0.225873,19.479000,0.336260,19.429500,0.622764,0.365810,0.360657,0.105621,-0.254120,-0.259240
lat_mem_rd_rand,stride16_sz1.50000MB,ns,20.185500,0.198162,20.176000,0.319687,20.125000,0.221118,20.241000,0.108690,-0.047063,-0.299720,0.274950,0.576398,0.322165
lat_mem_rd_rand,stride16_sz12.00000MB,ns,154.651000,0.085353,154.810000,0.153737,154.647500,0.108634,161.677500,0.205347,0.102812,-0.002263,4.543456,4.545822,4.436083
lat_mem_rd_rand,stride16_sz16.00000MB,ns,168.543000,0.164646,168.556500,0.075346,169.707500,0.108716,176.282000,0.102393,0.008010,0.690922,4.591707,3.874019,4.583330
lat_mem_rd_rand,stride16_sz2.00000MB,ns,20.677000,0.444939,20.752500,0.621612,20.732500,0.704208,20.883000,0.988843,0.365140,0.268414,0.996276,0.725913,0.628840
lat_mem_rd_rand,stride16_sz24.00000MB,ns,177.229000,0.264911,177.470000,0.125373,180.272000,0.152270,185.588500,0.198827,0.135982,1.716988,4.716779,2.949155,4.574576
lat_mem_rd_rand,stride16_sz3.00000MB,ns,36.601500,0.146169,36.633000,0.606011,36.562000,0.254362,37.310500,1.034561,0.086062,-0.107919,1.937079,2.047207,1.849425
lat_mem_rd_rand,stride16_sz32.00000MB,ns,180.612500,0.492768,180.776500,0.240075,182.721000,0.257223,188.659500,0.094085,0.090802,1.167416,4.455395,3.250037,4.360633
lat_mem_rd_rand,stride16_sz4.00000MB,ns,47.587500,0.287891,47.687500,0.141547,47.455000,0.430935,49.314000,0.448149,0.210139,-0.278434,3.628054,3.917395,3.410747
lat_mem_rd_rand,stride16_sz48.00000MB,ns,182.662500,0.864983,182.443500,1.096778,183.849500,0.165353,189.558500,0.265090,-0.119893,0.649832,3.775269,3.105257,3.899837
lat_mem_rd_rand,stride16_sz6.00000MB,ns,67.137000,0.241298,67.349500,0.668156,67.373500,0.582573,72.588500,1.181317,0.316517,0.352265,8.119964,7.740432,7.778825
lat_mem_rd_rand,stride16_sz64.00000MB,ns,185.232500,0.583861,185.045000,0.548245,185.428000,0.320610,191.729500,0.295990,-0.101224,0.105543,3.507484,3.398354,3.612365
lat_mem_rd_rand,stride16_sz8.00000MB,ns,112.544500,0.319873,112.600500,0.070604,112.325000,0.083241,119.595000,0.323592,0.049758,-0.195034,6.264633,6.472290,6.211784
lat_mmap,sz0.524288MB,us,7.775952,0.195031,7.772811,0.282221,7.762673,0.293011,9.223700,0.214393,-0.040400,-0.170777,18.618266,18.821184,18.666207
lat_mmap,sz1.048576MB,us,11.747198,0.429579,11.784384,0.276807,11.760348,0.314391,14.812129,0.100786,0.316561,0.111950,26.090746,25.949745,25.692852
lat_mmap,sz16.777216MB,us,123.376735,0.091767,123.697287,0.072401,123.650599,0.065628,175.340089,0.043675,0.259815,0.221973,42.117627,41.802862,41.749341
lat_mmap,sz2.097152MB,us,21.182105,0.200771,21.021725,0.250488,21.067537,0.343756,27.593075,0.192664,-0.757153,-0.540874,30.265969,30.974375,31.259807
lat_mmap,sz33.554432MB,us,244,0,244,0,243,0,348,0.143678,0,-0.409836,42.622951,43.209877,42.622951
lat_mmap,sz4.194304MB,us,36.221798,0.747883,36.448461,0.300608,36.088143,0.454557,49.104867,0.310790,0.625761,-0.368992,35.567171,36.069255,34.724120
lat_mmap,sz67.108864MB,us,498.152847,0.103034,498.544464,0.070971,498.398414,0.054979,709.235732,0.064035,0.078614,0.049296,42.373116,42.302967,42.261279
lat_mmap,sz8.388608MB,us,65.811513,0.069280,65.723176,0.153873,66.117149,0.247182,92.243032,0.309140,-0.134227,0.464411,40.162455,39.514534,40.350844
lat_ops,double_add,ns,1.110000,0,1.110000,0,1.110000,0,1.110000,0,0,0,0,0,0
lat_ops,double_bogomflops,ns,2.800000,0,2.800000,0,2.800000,0,2.800000,0,0,0,0,0,0
lat_ops,double_div,ns,6.670000,0,6.670000,0,6.670000,0,6.670000,0,0,0,0,0,0
lat_ops,double_mul,ns,1.670000,0,1.670000,0,1.670000,0,1.670000,0,0,0,0,0,0
lat_ops,float_add,ns,1.110000,0,1.110000,0,1.110000,0,1.110000,0,0,0,0,0,0
lat_ops,float_bogomflops,ns,1.440000,0,1.440000,0,1.440000,0,1.440000,0,0,0,0,0,0
lat_ops,float_div,ns,4.450000,0,4.450000,0,4.450000,0,4.450000,0,0,0,0,0,0
lat_ops,float_mul,ns,1.670000,0,1.670000,0,1.670000,0,1.670000,0,0,0,0,0,0
lat_ops,int64_bit,ns,0.390000,0,0.390000,0,0.390000,0,0.390000,0,0,0,0,0,0
lat_ops,int64_div,ns,3.610000,0,3.610000,0,3.610000,0,3.610000,0,0,0,0,0,0
lat_ops,int64_mod,ns,5.720000,0,5.720000,0,5.720000,0,5.720000,0,0,0,0,0,0
lat_ops,int64_mul,ns,2.270000,0,2.270000,0,2.270000,0,2.270000,0,0,0,0,0,0
lat_ops,integer_add,ns,0.280000,0,0.280000,0,0.280000,0,0.280000,0,0,0,0,0,0
lat_ops,integer_bit,ns,0.390000,0,0.390000,0,0.390000,0,0.390000,0,0,0,0,0,0
lat_ops,integer_div,ns,4.450000,0,4.450000,0,4.450000,0,4.450000,0,0,0,0,0,0
lat_ops,integer_mod,ns,4.610000,0,4.610000,0,4.610000,0,4.610000,0,0,0,0,0,0
lat_ops,integer_mul,ns,1.130000,0,1.130000,0,1.130000,0,1.130000,0,0,0,0,0,0
lat_ops,uint64_add,ns,0.280000,0,0.280000,0,0.280000,0,0.280000,0,0,0,0,0,0
lat_pagefault,minor,us,0.254450,0.294753,0.254700,0.215940,0.257750,0.213385,0.259850,0.288628,0.098251,1.296915,2.122224,0.814743,2.021987
lat_pipe,rt,us,5.586450,1.438302,5.594850,1.987542,5.615100,1.323218,5.543500,0.762154,0.150364,0.512848,-0.768825,-1.275133,-0.917808
lat_proc,exec,us,377.306900,0.517139,375.743100,0.183995,376.998150,0.252030,385.839300,0.217526,-0.414464,-0.081830,2.261395,2.345144,2.686995
lat_proc,fork,us,136.190300,0.192158,136.481050,0.357559,136.546950,0.425897,139.067900,0.133496,0.213488,0.261876,2.112926,1.846215,1.895391
lat_proc,shell,us,796.714300,0.228614,792.785700,0.241761,791.285700,0.306918,807.607150,0.305136,-0.493100,-0.681373,1.367222,2.062649,1.869541
lat_select,file_n10,us,0.296250,0.084388,0.296200,0.067522,0.296600,0.134862,0.296600,0.151719,-0.016878,0.118143,0.118143,0,0.135044
lat_select,file_n100,us,1.374500,0.080029,1.375300,0.032720,1.374500,0.054565,1.373200,0.025488,0.058203,0,-0.094580,-0.094580,-0.152694
lat_select,file_n250,us,3.117300,0.036891,3.117600,0.040095,3.117600,0.052925,3.117400,0.035286,0.009624,0.009624,0.003208,-0.006415,-0.006415
lat_select,file_n500,us,6.128500,0.023660,6.151000,0.238986,6.137300,0.189823,6.139100,0.204427,0.367137,0.143591,0.172962,0.029329,-0.193464
lat_select,tcp_n10,us,0.340800,0.146714,0.341000,0.205279,0.340700,0.161432,0.341300,0.278347,0.058685,-0.029343,0.146714,0.176108,0.087977
lat_select,tcp_n100,us,3.309950,0.033233,3.310550,0.084578,3.310450,0.087601,3.309750,0.054385,0.018127,0.015106,-0.006042,-0.021145,-0.024165
lat_select,tcp_n250,us,8.232200,0.091106,8.229650,0.077160,8.237650,0.084976,8.237650,0.033990,-0.030976,0.066203,0.066203,0,0.097209
lat_select,tcp_n500,us,16.588600,0.031950,16.599850,0.083434,16.587350,0.027732,16.592700,0.034654,0.067818,-0.007535,0.024716,0.032253,-0.043073
lat_sig,catch,us,0.908600,0.137574,0.908100,0.126638,0.909100,0.082499,0.908350,0.077063,-0.055030,0.055030,-0.027515,-0.082499,0.027530
lat_sig,install,us,0.144750,0.172712,0.144600,0.069156,0.145100,0.344590,0.145000,0.275862,-0.103627,0.241796,0.172712,-0.068918,0.276625
lat_sig,prot,us,0.159050,0.817353,0.159950,0.906533,0.160200,1.810237,0.159400,1.003764,0.565860,0.723043,0.220057,-0.499376,-0.343857
lat_syscall,fstat,us,0.229000,0.305677,0.227450,0.659486,0.228450,0.153206,0.229200,0.545375,-0.676856,-0.240175,0.087336,0.328299,0.769400
lat_syscall,null,us,0.102800,0,0.102900,0.048591,0.102800,0,0.102850,0.048614,0.097276,0,0.048638,0.048638,-0.048591
lat_syscall,open,us,1.495150,0.107013,1.489800,0.134246,1.491250,0.127410,1.497150,0.033397,-0.357824,-0.260843,0.133766,0.395641,0.493355
lat_syscall,read,us,0.163950,0.091491,0.162900,0.030694,0.164000,0.152439,0.163550,0.275145,-0.640439,0.030497,-0.243977,-0.274390,0.399018
lat_syscall,stat,us,0.955350,0.387293,0.953600,0.188758,0.952450,0.141740,0.957700,0.245380,-0.183179,-0.303554,0.245983,0.551210,0.429950
lat_syscall,write,us,0.139950,0.321543,0.139550,0.035829,0.139600,0.071633,0.139600,0.071633,-0.285816,-0.250089,-0.250089,0,0.035829
lat_tcp,lhost,us,22.483050,0.262865,22.695100,1.007266,22.643250,0.788535,22.655450,0.291983,0.943155,0.712537,0.766800,0.053879,-0.174707
lat_udp,lhost,us,15.844250,0.235101,16.086500,0.557610,15.980550,0.955224,15.913800,0.196056,1.528946,0.860249,0.438961,-0.417695,-1.073571
lat_unix,rt,us,10.387900,3.063661,9.974050,2.978730,9.860800,2.056628,9.964950,1.047672,-3.983962,-5.074173,-4.071564,1.056202,-0.091237
lmdd,file_write_bw,KB/s,1064976,1.339514,1058228,1.022747,1060146.500000,0.866720,1062505,0.729220,-0.633629,-0.453484,-0.232024,0.222469,0.404166
par_mem,sz0.001024MB,parallel,8,0,8,0,8,0,8,0,0,0,0,0,0
par_mem,sz0.002048MB,parallel,8,0,8,0,8,0,8,0,0,0,0,0,0
par_mem,sz0.004096MB,parallel,8,0,8,0,8,0,8,0,0,0,0,0,0
par_mem,sz0.008192MB,parallel,8,0,8,0,8,0,8,0,0,0,0,0,0
par_mem,sz0.016384MB,parallel,8,0,8,0,8,0,8,0,0,0,0,0,0
par_mem,sz0.032768MB,parallel,8,0,8,0,8,0,8,0,0,0,0,0,0
par_mem,sz0.065536MB,parallel,8,0,8,0,8,0,8,0,0,0,0,0,0
par_mem,sz0.131072MB,parallel,5.840000,0.513699,5.850000,0.769231,5.835000,0.428449,5.890000,0.509338,0.171233,-0.085616,0.856164,0.942588,0.683761
par_mem,sz0.262144MB,parallel,5.935000,0.673968,5.835000,1.799486,5.940000,1.515152,5.855000,1.707942,-1.684920,0.084246,-1.347936,-1.430976,0.342759
par_mem,sz0.524288MB,parallel,4.810000,0.727651,4.800000,1.145833,4.870000,1.848049,4.865000,1.336074,-0.207900,1.247401,1.143451,-0.102669,1.354167
par_mem,sz1.048576MB,parallel,4.630000,1.835853,4.605000,0.651466,4.665000,1.071811,4.570000,2.297593,-0.539957,0.755940,-1.295896,-2.036442,-0.760043
par_mem,sz16.777216MB,parallel,12.355000,1.821125,12.360000,1.779935,11.910000,4.324097,11.745000,4.938272,0.040469,-3.601781,-4.937272,-1.385390,-4.975728
par_mem,sz2.097152MB,parallel,4.820000,3.008299,4.720000,1.694915,4.755000,0.841220,4.810000,1.039501,-2.074689,-1.348548,-0.207469,1.156677,1.906780
par_mem,sz33.554432MB,parallel,12.135000,5.067985,11.915000,2.140159,12.740000,2.472527,12.285000,3.296703,-1.812938,4.985579,1.236094,-3.571429,3.105329
par_mem,sz4.194304MB,parallel,8.495000,1.294879,8.510000,1.762632,8.230000,1.944107,8.335000,3.719256,0.176574,-3.119482,-1.883461,1.275820,-2.056404
par_mem,sz8.388608MB,parallel,9.260000,9.503240,10.195000,5.885238,10.045000,6.022897,9.660000,4.865424,10.097192,8.477322,4.319654,-3.832753,-5.247670
par_ops,double_add,parallel,4,0,4,0,4,0,4,0,0,0,0,0,0
par_ops,double_div,parallel,2.400000,0,2.400000,0,2.400000,0,2.400000,0,0,0,0,0,0
par_ops,double_mul,parallel,5.820000,0,5.820000,0,5.820000,0,5.820000,0,0,0,0,0,0
par_ops,float_add,parallel,4,0,4,0,4,0,4,0,0,0,0,0,0
par_ops,float_div,parallel,5.330000,0,5.330000,0,5.330000,0,5.330000,0,0,0,0,0,0
par_ops,float_mul,parallel,5.820000,0,5.820000,0,5.820000,0,5.820000,0,0,0,0,0,0
par_ops,int64_add,parallel,1.640000,0.609756,1.655000,0.604230,1.640000,0,1.640000,1.219512,0.914634,0,0,0,-0.906344
par_ops,int64_bit,parallel,1.905000,0.262467,1.900000,0,1.910000,0.261780,1.910000,0.261780,-0.262467,0.262467,0.262467,0,0.526316
par_ops,int64_div,parallel,1,0,1,0,1,0,1,0,0,0,0,0,0
par_ops,int64_mod,parallel,1.670000,0,1.670000,0,1.670000,0,1.670000,0,0,0,0,0,0
par_ops,int64_mul,parallel,1.380000,0,1.380000,0,1.380000,0,1.380000,0,0,0,0,0,0
par_ops,integer_add,parallel,1.695000,0.884956,1.685000,0.890208,1.705000,0.293255,1.695000,0.294985,-0.589971,0.589971,0,-0.586510,0.593472
par_ops,integer_bit,parallel,2.780000,0,2.780000,0,2.780000,0,2.780000,0,0,0,0,0,0
par_ops,integer_div,parallel,1,0,1,0,1,0,1,0,0,0,0,0,0
par_ops,integer_mod,parallel,1.320000,0.757576,1.325000,0.377358,1.310000,1.526718,1.310000,1.526718,0.378788,-0.757576,-0.757576,0,-1.132075
par_ops,integer_mul,parallel,2.100000,0,2.100000,0,2.100000,0,2.100000,0,0,0,0,0,0
stream,add_bw,MB/s,19147.340000,0.063612,19144.480000,0.018726,19071.030000,0.037229,19108.035000,0.037340,-0.014937,-0.398541,-0.205277,0.194038,-0.190368
stream,add_lat,ns,1.250000,0,1.250000,0,1.260000,0,1.260000,0,0,0.800000,0.800000,0,0.800000
stream,copy_bw,MB/s,14334.510000,0.037776,14336.910000,0.062949,14358.625000,0.029460,14355,0.067363,0.016743,0.168230,0.142942,-0.025246,0.126178
stream,copy_lat,ns,1.120000,0,1.120000,0,1.110000,0,1.110000,0,0,-0.892857,-0.892857,0,-0.892857
stream,scale_bw,MB/s,14365.880000,0.008423,14363.460000,0.012636,14363.460000,0.008424,14362.250000,0.008425,-0.016845,-0.016845,-0.025268,-0.008424,-0.008424
stream,scale_lat,ns,1.110000,0,1.110000,0,1.110000,0,1.110000,0,0,0,0,0,0
stream,triad_bw,MB/s,18641.905000,0.149153,18639.190000,0.076398,18612.760000,0.141677,18609.400000,0.141649,-0.014564,-0.156341,-0.174365,-0.018052,-0.159825
stream,triad_lat,ns,1.290000,0,1.290000,0,1.290000,0,1.290000,0,0,0,0,0,0
stream2,copy_bw,MB/s,14358.625000,0.016819,14357.420000,0.012607,14355.605000,0.025251,14355,0.012609,-0.008392,-0.021033,-0.025246,-0.004214,-0.016855
stream2,copy_lat,ns,1.110000,0,1.110000,0,1.110000,0,1.110000,0,0,0,0,0,0
stream2,daxpy_bw,MB/s,17841.580000,0.153322,17836.620000,0.156952,17811.790000,0.104369,17827.295000,0.038284,-0.027800,-0.166970,-0.080066,0.087049,-0.052280
stream2,daxpy_lat,ns,1.350000,0.370370,1.345000,0.371747,1.350000,0,1.350000,0,-0.370370,0,0,0,0.371747
stream2,fill_bw,MB/s,7195.965000,0.004238,7196.270000,0.008338,7195.965000,0.004238,7195.660000,0,0.004238,0,-0.004238,-0.004238,-0.008477
stream2,fill_lat,ns,1.110000,0,1.110000,0,1.110000,0,1.110000,0,0,0,0,0,0
stream2,sum_bw,MB/s,7186.870000,0.021011,7186.870000,0.012662,7186.570000,0.008418,7185.360000,0.004175,0,-0.004174,-0.021011,-0.016837,-0.021011
stream2,sum_lat,ns,1.110000,0,1.110000,0,1.110000,0,1.110000,0,0,0,0,0,0
tlb,effective,pages,48,0,48,0,48,0,48,0,0,0,0,0,0
